site,name,latitude,longitude,altitude
0,CONUS_48.75_-122.25,48.75,-122.25,326.6
1,CONUS_48.75_-121.75,48.75,-121.75,515.5
2,CONUS_48.75_-121.25,48.75,-121.25,505.6
3,CONUS_48.75_-120.75,48.75,-120.75,332.3
4,CONUS_48.75_-120.25,48.75,-120.25,436.4
5,CONUS_48.75_-119.75,48.75,-119.75,525.1
6,CONUS_48.75_-119.25,48.75,-119.25,336.8
7,CONUS_48.75_-118.75,48.75,-118.75,230.7
8,CONUS_48.75_-118.25,48.75,-118.25,374.3
9,CONUS_48.75_-117.75,48.75,-117.75,259.3
10,CONUS_48.75_-117.25,48.75,-117.25,318.9
11,CONUS_48.75_-116.75,48.75,-116.75,382.8
12,CONUS_48.75_-116.25,48.75,-116.25,372.7
13,CONUS_48.75_-115.75,48.75,-115.75,284.5
14,CONUS_48.75_-115.25,48.75,-115.25,317.9
15,CONUS_48.75_-114.75,48.75,-114.75,364.8
16,CONUS_48.75_-114.25,48.75,-114.25,337.5
17,CONUS_48.75_-113.75,48.75,-113.75,377.1
18,CONUS_48.75_-95.75,48.75,-95.75,15.2
19,CONUS_48.75_-95.25,48.75,-95.25,21.4
20,CONUS_48.75_-94.75,48.75,-94.75,16.8
21,CONUS_48.25_-124.25,48.25,-124.25,177.0
22,CONUS_48.25_-122.75,48.25,-122.75,75.7
23,CONUS_48.25_-122.25,48.25,-122.25,224.1
24,CONUS_48.25_-121.75,48.25,-121.75,362.1
25,CONUS_48.25_-121.25,48.25,-121.25,462.0
26,CONUS_48.25_-120.75,48.25,-120.75,473.2
27,CONUS_48.25_-120.25,48.25,-120.25,504.7
28,CONUS_48.25_-119.25,48.25,-119.25,305.7
29,CONUS_48.25_-118.75,48.25,-118.75,247.1
30,CONUS_48.25_-118.25,48.25,-118.25,251.9
31,CONUS_48.25_-117.75,48.25,-117.75,248.1
32,CONUS_48.25_-117.25,48.25,-117.25,219.6
33,CONUS_48.25_-116.75,48.25,-116.75,263.1
34,CONUS_48.25_-116.25,48.25,-116.25,370.3
35,CONUS_48.25_-115.75,48.25,-115.75,393.6
36,CONUS_48.25_-115.25,48.25,-115.25,225.5
37,CONUS_48.25_-114.75,48.25,-114.75,192.9
38,CONUS_48.25_-114.25,48.25,-114.25,237.7
39,CONUS_48.25_-113.75,48.25,-113.75,345.8
40,CONUS_48.25_-113.25,48.25,-113.25,240.9
41,CONUS_48.25_-95.25,48.25,-95.25,5.8
42,CONUS_48.25_-94.75,48.25,-94.75,6.2
43,CONUS_48.25_-94.25,48.25,-94.25,9.9
44,CONUS_48.25_-93.75,48.25,-93.75,15.2
45,CONUS_48.25_-93.25,48.25,-93.25,25.4
46,CONUS_48.25_-92.75,48.25,-92.75,30.3
47,CONUS_48.25_-92.25,48.25,-92.25,31.4
48,CONUS_48.25_-88.25,48.25,-88.25,1.9
49,CONUS_47.75_-124.25,47.75,-124.25,198.7
50,CONUS_47.75_-123.75,47.75,-123.75,410.7
51,CONUS_47.75_-123.25,47.75,-123.25,446.3
52,CONUS_47.75_-122.25,47.75,-122.25,55.8
53,CONUS_47.75_-121.75,47.75,-121.75,385.6
54,CONUS_47.75_-121.25,47.75,-121.25,366.6
55,CONUS_47.75_-120.75,47.75,-120.75,470.4
56,CONUS_47.75_-117.25,47.75,-117.25,177.8
57,CONUS_47.75_-116.75,47.75,-116.75,183.0
58,CONUS_47.75_-116.25,47.75,-116.25,216.6
59,CONUS_47.75_-115.75,47.75,-115.75,292.4
60,CONUS_47.75_-115.25,47.75,-115.25,307.0
61,CONUS_47.75_-114.75,47.75,-114.75,289.3
62,CONUS_47.75_-114.25,47.75,-114.25,183.3
63,CONUS_47.75_-113.75,47.75,-113.75,393.5
64,CONUS_47.75_-113.25,47.75,-113.25,301.6
65,CONUS_47.75_-112.75,47.75,-112.75,304.5
66,CONUS_47.75_-95.25,47.75,-95.25,38.3
67,CONUS_47.75_-94.75,47.75,-94.75,25.0
68,CONUS_47.75_-94.25,47.75,-94.25,13.3
69,CONUS_47.75_-93.75,47.75,-93.75,15.2
70,CONUS_47.75_-93.25,47.75,-93.25,14.7
71,CONUS_47.75_-92.75,47.75,-92.75,25.9
72,CONUS_47.75_-92.25,47.75,-92.25,23.7
73,CONUS_47.75_-91.75,47.75,-91.75,39.9
74,CONUS_47.75_-91.25,47.75,-91.25,44.0
75,CONUS_47.75_-90.75,47.75,-90.75,154.2
76,CONUS_47.75_-90.25,47.75,-90.25,166.0
77,CONUS_47.75_-89.75,47.75,-89.75,79.3
78,CONUS_47.75_-89.25,47.75,-89.25,23.1
79,CONUS_47.75_-88.75,47.75,-88.75,18.5
80,CONUS_47.25_-123.75,47.25,-123.75,213.4
81,CONUS_47.25_-123.25,47.25,-123.25,207.2
82,CONUS_47.25_-122.75,47.25,-122.75,34.3
83,CONUS_47.25_-122.25,47.25,-122.25,107.8
84,CONUS_47.25_-121.75,47.25,-121.75,358.8
85,CONUS_47.25_-121.25,47.25,-121.25,296.7
86,CONUS_47.25_-120.75,47.25,-120.75,394.8
87,CONUS_47.25_-116.75,47.25,-116.75,145.3
88,CONUS_47.25_-116.25,47.25,-116.25,239.6
89,CONUS_47.25_-115.75,47.25,-115.75,229.6
90,CONUS_47.25_-115.25,47.25,-115.25,271.6
91,CONUS_47.25_-114.75,47.25,-114.75,321.5
92,CONUS_47.25_-114.25,47.25,-114.25,322.4
93,CONUS_47.25_-113.75,47.25,-113.75,330.7
94,CONUS_47.25_-113.25,47.25,-113.25,341.2
95,CONUS_47.25_-112.75,47.25,-112.75,283.8
96,CONUS_47.25_-95.75,47.25,-95.75,39.9
97,CONUS_47.25_-95.25,47.25,-95.25,28.9
98,CONUS_47.25_-94.75,47.25,-94.75,26.4
99,CONUS_47.25_-94.25,47.25,-94.25,10.2
100,CONUS_47.25_-93.75,47.25,-93.75,17.3
101,CONUS_47.25_-93.25,47.25,-93.25,22.5
102,CONUS_47.25_-92.75,47.25,-92.75,22.7
103,CONUS_47.25_-92.25,47.25,-92.25,25.3
104,CONUS_47.25_-91.75,47.25,-91.75,98.5
105,CONUS_47.25_-91.25,47.25,-91.25,136.8
106,CONUS_47.25_-90.75,47.25,-90.75,3.7
107,CONUS_47.25_-90.25,47.25,-90.25,3.3
108,CONUS_47.25_-88.75,47.25,-88.75,56.7
109,CONUS_47.25_-88.25,47.25,-88.25,60.5
110,CONUS_47.25_-87.75,47.25,-87.75,25.7
111,CONUS_47.25_-85.75,47.25,-85.75,0.0
112,CONUS_47.25_-69.25,47.25,-69.25,82.8
113,CONUS_47.25_-68.25,47.25,-68.25,55.9
114,CONUS_46.75_-123.75,46.75,-123.75,83.3
115,CONUS_46.75_-123.25,46.75,-123.25,125.9
116,CONUS_46.75_-122.75,46.75,-122.75,147.5
117,CONUS_46.75_-122.25,46.75,-122.25,284.0
118,CONUS_46.75_-121.75,46.75,-121.75,551.6
119,CONUS_46.75_-121.25,46.75,-121.25,292.4
120,CONUS_46.75_-116.75,46.75,-116.75,154.5
121,CONUS_46.75_-116.25,46.75,-116.25,208.9
122,CONUS_46.75_-115.75,46.75,-115.75,278.5
123,CONUS_46.75_-115.25,46.75,-115.25,261.5
124,CONUS_46.75_-114.75,46.75,-114.75,261.0
125,CONUS_46.75_-114.25,46.75,-114.25,421.8
126,CONUS_46.75_-113.75,46.75,-113.75,293.0
127,CONUS_46.75_-113.25,46.75,-113.25,229.3
128,CONUS_46.75_-112.75,46.75,-112.75,225.8
129,CONUS_46.75_-112.25,46.75,-112.25,238.1
130,CONUS_46.75_-111.75,46.75,-111.75,274.6
131,CONUS_46.75_-111.25,46.75,-111.25,219.3
132,CONUS_46.75_-110.75,46.75,-110.75,241.4
133,CONUS_46.75_-110.25,46.75,-110.25,250.8
134,CONUS_46.75_-109.25,46.75,-109.25,270.1
135,CONUS_46.75_-96.75,46.75,-96.75,7.5
136,CONUS_46.75_-95.75,46.75,-95.75,21.9
137,CONUS_46.75_-95.25,46.75,-95.25,22.8
138,CONUS_46.75_-94.75,46.75,-94.75,16.0
139,CONUS_46.75_-94.25,46.75,-94.25,21.3
140,CONUS_46.75_-93.75,46.75,-93.75,17.2
141,CONUS_46.75_-93.25,46.75,-93.25,9.8
142,CONUS_46.75_-92.75,46.75,-92.75,18.6
143,CONUS_46.75_-92.25,46.75,-92.25,88.3
144,CONUS_46.75_-91.75,46.75,-91.75,69.9
145,CONUS_46.75_-91.25,46.75,-91.25,79.8
146,CONUS_46.75_-90.75,46.75,-90.75,47.3
147,CONUS_46.75_-90.25,46.75,-90.25,72.7
148,CONUS_46.75_-89.75,46.75,-89.75,109.0
149,CONUS_46.75_-89.25,46.75,-89.25,73.1
150,CONUS_46.75_-88.75,46.75,-88.75,71.8
151,CONUS_46.75_-88.25,46.75,-88.25,149.1
152,CONUS_46.75_-87.75,46.75,-87.75,134.3
153,CONUS_46.75_-87.25,46.75,-87.25,25.5
154,CONUS_46.75_-86.75,46.75,-86.75,7.9
155,CONUS_46.75_-86.25,46.75,-86.25,37.3
156,CONUS_46.75_-85.75,46.75,-85.75,35.7
157,CONUS_46.75_-85.25,46.75,-85.25,24.8
158,CONUS_46.75_-69.75,46.75,-69.75,43.8
159,CONUS_46.75_-69.25,46.75,-69.25,59.1
160,CONUS_46.75_-68.75,46.75,-68.75,78.1
161,CONUS_46.75_-68.25,46.75,-68.25,35.5
162,CONUS_46.25_-123.25,46.25,-123.25,179.1
163,CONUS_46.25_-122.75,46.25,-122.75,176.5
164,CONUS_46.25_-122.25,46.25,-122.25,333.5
165,CONUS_46.25_-121.75,46.25,-121.75,342.4
166,CONUS_46.25_-121.25,46.25,-121.25,396.8
167,CONUS_46.25_-120.75,46.25,-120.75,345.6
168,CONUS_46.25_-117.75,46.25,-117.75,368.0
169,CONUS_46.25_-115.75,46.25,-115.75,280.3
170,CONUS_46.25_-115.25,46.25,-115.25,363.0
171,CONUS_46.25_-114.75,46.25,-114.75,338.2
172,CONUS_46.25_-114.25,46.25,-114.25,451.3
173,CONUS_46.25_-113.75,46.25,-113.75,262.9
174,CONUS_46.25_-113.25,46.25,-113.25,329.1
175,CONUS_46.25_-112.75,46.25,-112.75,271.1
176,CONUS_46.25_-112.25,46.25,-112.25,263.7
177,CONUS_46.25_-111.25,46.25,-111.25,295.7
178,CONUS_46.25_-110.25,46.25,-110.25,384.7
179,CONUS_46.25_-94.25,46.25,-94.25,16.1
180,CONUS_46.25_-93.75,46.25,-93.75,7.8
181,CONUS_46.25_-93.25,46.25,-93.25,24.0
182,CONUS_46.25_-92.75,46.25,-92.75,21.0
183,CONUS_46.25_-92.25,46.25,-92.25,36.9
184,CONUS_46.25_-91.75,46.25,-91.75,24.7
185,CONUS_46.25_-91.25,46.25,-91.25,48.1
186,CONUS_46.25_-90.75,46.25,-90.75,80.4
187,CONUS_46.25_-90.25,46.25,-90.25,35.6
188,CONUS_46.25_-89.75,46.25,-89.75,24.8
189,CONUS_46.25_-89.25,46.25,-89.25,49.9
190,CONUS_46.25_-88.75,46.25,-88.75,31.5
191,CONUS_46.25_-88.25,46.25,-88.25,38.8
192,CONUS_46.25_-87.75,46.25,-87.75,43.7
193,CONUS_46.25_-87.25,46.25,-87.25,43.7
194,CONUS_46.25_-86.75,46.25,-86.75,28.6
195,CONUS_46.25_-86.25,46.25,-86.25,25.3
196,CONUS_46.25_-85.75,46.25,-85.75,25.7
197,CONUS_46.25_-85.25,46.25,-85.25,28.7
198,CONUS_46.25_-84.75,46.25,-84.75,31.2
199,CONUS_46.25_-84.25,46.25,-84.25,20.3
200,CONUS_46.25_-70.25,46.25,-70.25,60.2
201,CONUS_46.25_-69.75,46.25,-69.75,63.5
202,CONUS_46.25_-69.25,46.25,-69.25,49.9
203,CONUS_46.25_-68.75,46.25,-68.75,99.4
204,CONUS_46.25_-68.25,46.25,-68.25,51.5
205,CONUS_45.75_-123.75,45.75,-123.75,185.2
206,CONUS_45.75_-123.25,45.75,-123.25,190.3
207,CONUS_45.75_-122.75,45.75,-122.75,100.8
208,CONUS_45.75_-122.25,45.75,-122.25,303.9
209,CONUS_45.75_-121.75,45.75,-121.75,328.0
210,CONUS_45.75_-121.25,45.75,-121.25,226.2
211,CONUS_45.75_-118.25,45.75,-118.25,352.7
212,CONUS_45.75_-117.75,45.75,-117.75,206.3
213,CONUS_45.75_-117.25,45.75,-117.25,195.8
214,CONUS_45.75_-116.75,45.75,-116.75,353.4
215,CONUS_45.75_-116.25,45.75,-116.25,367.2
216,CONUS_45.75_-115.75,45.75,-115.75,380.2
217,CONUS_45.75_-115.25,45.75,-115.25,295.1
218,CONUS_45.75_-114.75,45.75,-114.75,336.3
219,CONUS_45.75_-114.25,45.75,-114.25,327.2
220,CONUS_45.75_-113.75,45.75,-113.75,256.2
221,CONUS_45.75_-113.25,45.75,-113.25,259.2
222,CONUS_45.75_-112.75,45.75,-112.75,309.5
223,CONUS_45.75_-112.25,45.75,-112.25,414.5
224,CONUS_45.75_-110.75,45.75,-110.75,267.6
225,CONUS_45.75_-94.75,45.75,-94.75,18.2
226,CONUS_45.75_-94.25,45.75,-94.25,19.5
227,CONUS_45.75_-93.75,45.75,-93.75,33.1
228,CONUS_45.75_-92.75,45.75,-92.75,24.2
229,CONUS_45.75_-92.25,45.75,-92.25,38.7
230,CONUS_45.75_-91.75,45.75,-91.75,30.2
231,CONUS_45.75_-91.25,45.75,-91.25,38.2
232,CONUS_45.75_-90.75,45.75,-90.75,22.5
233,CONUS_45.75_-90.25,45.75,-90.25,20.4
234,CONUS_45.75_-89.75,45.75,-89.75,16.2
235,CONUS_45.75_-89.25,45.75,-89.25,11.9
236,CONUS_45.75_-88.75,45.75,-88.75,24.0
237,CONUS_45.75_-88.25,45.75,-88.25,44.3
238,CONUS_45.75_-87.75,45.75,-87.75,35.1
239,CONUS_45.75_-87.25,45.75,-87.25,38.9
240,CONUS_45.75_-86.75,45.75,-86.75,15.0
241,CONUS_45.75_-86.25,45.75,-86.25,13.4
242,CONUS_45.75_-85.75,45.75,-85.75,8.1
243,CONUS_45.75_-85.25,45.75,-85.25,27.0
244,CONUS_45.75_-84.75,45.75,-84.75,31.4
245,CONUS_45.75_-84.25,45.75,-84.25,13.2
246,CONUS_45.75_-83.75,45.75,-83.75,7.4
247,CONUS_45.75_-70.25,45.75,-70.25,94.7
248,CONUS_45.75_-69.75,45.75,-69.75,61.3
249,CONUS_45.75_-69.25,45.75,-69.25,124.4
250,CONUS_45.75_-68.75,45.75,-68.75,182.9
251,CONUS_45.75_-68.25,45.75,-68.25,31.6
252,CONUS_45.25_-123.75,45.25,-123.75,185.2
253,CONUS_45.25_-123.25,45.25,-123.25,189.9
254,CONUS_45.25_-122.75,45.25,-122.75,80.1
255,CONUS_45.25_-122.25,45.25,-122.25,344.8
256,CONUS_45.25_-121.75,45.25,-121.75,291.8
257,CONUS_45.25_-121.25,45.25,-121.25,228.0
258,CONUS_45.25_-119.25,45.25,-119.25,260.0
259,CONUS_45.25_-118.75,45.25,-118.75,287.8
260,CONUS_45.25_-118.25,45.25,-118.25,261.7
261,CONUS_45.25_-117.75,45.25,-117.75,370.8
262,CONUS_45.25_-117.25,45.25,-117.25,439.5
263,CONUS_45.25_-116.75,45.25,-116.75,394.7
264,CONUS_45.25_-116.25,45.25,-116.25,423.5
265,CONUS_45.25_-115.75,45.25,-115.75,419.0
266,CONUS_45.25_-115.25,45.25,-115.25,342.2
267,CONUS_45.25_-114.75,45.25,-114.75,419.6
268,CONUS_45.25_-114.25,45.25,-114.25,354.2
269,CONUS_45.25_-113.75,45.25,-113.75,464.3
270,CONUS_45.25_-113.25,45.25,-113.25,252.7
271,CONUS_45.25_-111.75,45.25,-111.75,339.6
272,CONUS_45.25_-111.25,45.25,-111.25,280.8
273,CONUS_45.25_-110.75,45.25,-110.75,420.8
274,CONUS_45.25_-110.25,45.25,-110.25,280.2
275,CONUS_45.25_-109.75,45.25,-109.75,626.4
276,CONUS_45.25_-94.25,45.25,-94.25,20.0
277,CONUS_45.25_-92.25,45.25,-92.25,23.0
278,CONUS_45.25_-91.75,45.25,-91.75,29.3
279,CONUS_45.25_-91.25,45.25,-91.25,27.2
280,CONUS_45.25_-90.75,45.25,-90.75,26.3
281,CONUS_45.25_-90.25,45.25,-90.25,29.9
282,CONUS_45.25_-89.75,45.25,-89.75,28.6
283,CONUS_45.25_-89.25,45.25,-89.25,32.8
284,CONUS_45.25_-88.75,45.25,-88.75,65.0
285,CONUS_45.25_-88.25,45.25,-88.25,53.5
286,CONUS_45.25_-87.75,45.25,-87.75,17.8
287,CONUS_45.25_-87.25,45.25,-87.25,13.5
288,CONUS_45.25_-86.75,45.25,-86.75,3.8
289,CONUS_45.25_-86.25,45.25,-86.25,9.1
290,CONUS_45.25_-85.75,45.25,-85.75,14.9
291,CONUS_45.25_-85.25,45.25,-85.25,36.6
292,CONUS_45.25_-84.75,45.25,-84.75,73.2
293,CONUS_45.25_-84.25,45.25,-84.25,41.9
294,CONUS_45.25_-83.75,45.25,-83.75,28.5
295,CONUS_45.25_-83.25,45.25,-83.25,8.9
296,CONUS_45.25_-71.25,45.25,-71.25,122.6
297,CONUS_45.25_-70.75,45.25,-70.75,148.2
298,CONUS_45.25_-70.25,45.25,-70.25,156.7
299,CONUS_45.25_-69.75,45.25,-69.75,93.9
300,CONUS_45.25_-69.25,45.25,-69.25,91.3
301,CONUS_45.25_-68.75,45.25,-68.75,38.9
302,CONUS_45.25_-68.25,45.25,-68.25,42.1
303,CONUS_45.25_-67.75,45.25,-67.75,41.5
304,CONUS_44.75_-123.75,44.75,-123.75,215.6
305,CONUS_44.75_-123.25,44.75,-123.25,109.2
306,CONUS_44.75_-122.75,44.75,-122.75,241.2
307,CONUS_44.75_-122.25,44.75,-122.25,264.5
308,CONUS_44.75_-121.75,44.75,-121.75,289.2
309,CONUS_44.75_-119.75,44.75,-119.75,253.8
310,CONUS_44.75_-119.25,44.75,-119.25,252.9
311,CONUS_44.75_-118.75,44.75,-118.75,254.9
312,CONUS_44.75_-118.25,44.75,-118.25,304.8
313,CONUS_44.75_-116.25,44.75,-116.25,313.6
314,CONUS_44.75_-115.75,44.75,-115.75,283.6
315,CONUS_44.75_-115.25,44.75,-115.25,250.5
316,CONUS_44.75_-114.75,44.75,-114.75,342.9
317,CONUS_44.75_-114.25,44.75,-114.25,338.4
318,CONUS_44.75_-113.75,44.75,-113.75,442.9
319,CONUS_44.75_-113.25,44.75,-113.25,300.4
320,CONUS_44.75_-112.75,44.75,-112.75,262.3
321,CONUS_44.75_-111.75,44.75,-111.75,264.9
322,CONUS_44.75_-111.25,44.75,-111.25,292.6
323,CONUS_44.75_-110.75,44.75,-110.75,181.7
324,CONUS_44.75_-110.25,44.75,-110.25,230.4
325,CONUS_44.75_-109.75,44.75,-109.75,322.5
326,CONUS_44.75_-107.75,44.75,-107.75,527.3
327,CONUS_44.75_-107.25,44.75,-107.25,646.2
328,CONUS_44.75_-93.75,44.75,-93.75,20.7
329,CONUS_44.75_-92.25,44.75,-92.25,44.5
330,CONUS_44.75_-91.75,44.75,-91.75,31.3
331,CONUS_44.75_-90.75,44.75,-90.75,25.8
332,CONUS_44.75_-90.25,44.75,-90.25,27.6
333,CONUS_44.75_-89.75,44.75,-89.75,25.4
334,CONUS_44.75_-89.25,44.75,-89.25,36.0
335,CONUS_44.75_-88.75,44.75,-88.75,31.4
336,CONUS_44.75_-88.25,44.75,-88.25,25.9
337,CONUS_44.75_-87.75,44.75,-87.75,25.2
338,CONUS_44.75_-87.25,44.75,-87.25,16.4
339,CONUS_44.75_-86.25,44.75,-86.25,29.0
340,CONUS_44.75_-85.75,44.75,-85.75,49.1
341,CONUS_44.75_-85.25,44.75,-85.25,64.6
342,CONUS_44.75_-84.75,44.75,-84.75,25.2
343,CONUS_44.75_-84.25,44.75,-84.25,37.1
344,CONUS_44.75_-83.75,44.75,-83.75,38.7
345,CONUS_44.75_-83.25,44.75,-83.25,27.7
346,CONUS_44.75_-74.75,44.75,-74.75,139.8
347,CONUS_44.75_-74.25,44.75,-74.25,171.5
348,CONUS_44.75_-73.75,44.75,-73.75,164.3
349,CONUS_44.75_-72.75,44.75,-72.75,179.9
350,CONUS_44.75_-72.25,44.75,-72.25,108.7
351,CONUS_44.75_-71.75,44.75,-71.75,133.2
352,CONUS_44.75_-71.25,44.75,-71.25,154.5
353,CONUS_44.75_-70.75,44.75,-70.75,171.5
354,CONUS_44.75_-70.25,44.75,-70.25,164.2
355,CONUS_44.75_-69.75,44.75,-69.75,49.6
356,CONUS_44.75_-69.25,44.75,-69.25,43.0
357,CONUS_44.75_-68.75,44.75,-68.75,38.6
358,CONUS_44.75_-68.25,44.75,-68.25,48.4
359,CONUS_44.75_-67.75,44.75,-67.75,33.2
360,CONUS_44.75_-67.25,44.75,-67.25,23.7
361,CONUS_44.25_-123.75,44.25,-123.75,148.5
362,CONUS_44.25_-123.25,44.25,-123.25,102.0
363,CONUS_44.25_-122.75,44.25,-122.75,226.5
364,CONUS_44.25_-122.25,44.25,-122.25,295.5
365,CONUS_44.25_-121.75,44.25,-121.75,369.7
366,CONUS_44.25_-120.75,44.25,-120.75,176.0
367,CONUS_44.25_-120.25,44.25,-120.25,196.8
368,CONUS_44.25_-119.75,44.25,-119.75,222.5
369,CONUS_44.25_-119.25,44.25,-119.25,259.8
370,CONUS_44.25_-118.75,44.25,-118.75,282.1
371,CONUS_44.25_-118.25,44.25,-118.25,242.9
372,CONUS_44.25_-115.75,44.25,-115.75,337.1
373,CONUS_44.25_-115.25,44.25,-115.25,278.8
374,CONUS_44.25_-114.75,44.25,-114.75,272.5
375,CONUS_44.25_-111.25,44.25,-111.25,238.7
376,CONUS_44.25_-110.75,44.25,-110.75,185.2
377,CONUS_44.25_-110.25,44.25,-110.25,208.4
378,CONUS_44.25_-109.75,44.25,-109.75,409.8
379,CONUS_44.25_-107.25,44.25,-107.25,557.0
380,CONUS_44.25_-103.75,44.25,-103.75,264.3
381,CONUS_44.25_-93.75,44.25,-93.75,23.3
382,CONUS_44.25_-90.75,44.25,-90.75,29.6
383,CONUS_44.25_-90.25,44.25,-90.25,12.8
384,CONUS_44.25_-89.75,44.25,-89.75,16.2
385,CONUS_44.25_-89.25,44.25,-89.25,38.9
386,CONUS_44.25_-88.75,44.25,-88.75,12.9
387,CONUS_44.25_-88.25,44.25,-88.25,26.7
388,CONUS_44.25_-87.75,44.25,-87.75,32.9
389,CONUS_44.25_-87.25,44.25,-87.25,0.9
390,CONUS_44.25_-86.75,44.25,-86.75,0.6
391,CONUS_44.25_-86.25,44.25,-86.25,27.4
392,CONUS_44.25_-85.75,44.25,-85.75,58.4
393,CONUS_44.25_-85.25,44.25,-85.25,34.5
394,CONUS_44.25_-84.75,44.25,-84.75,25.1
395,CONUS_44.25_-84.25,44.25,-84.25,61.5
396,CONUS_44.25_-83.75,44.25,-83.75,37.5
397,CONUS_44.25_-83.25,44.25,-83.25,7.7
398,CONUS_44.25_-82.75,44.25,-82.75,3.2
399,CONUS_44.25_-75.25,44.25,-75.25,109.5
400,CONUS_44.25_-74.75,44.25,-74.75,69.0
401,CONUS_44.25_-74.25,44.25,-74.25,128.8
402,CONUS_44.25_-73.75,44.25,-73.75,255.3
403,CONUS_44.25_-72.75,44.25,-72.75,179.9
404,CONUS_44.25_-72.25,44.25,-72.25,125.7
405,CONUS_44.25_-71.75,44.25,-71.75,230.1
406,CONUS_44.25_-71.25,44.25,-71.25,271.6
407,CONUS_44.25_-70.75,44.25,-70.75,132.7
408,CONUS_44.25_-70.25,44.25,-70.25,65.8
409,CONUS_44.25_-69.75,44.25,-69.75,29.5
410,CONUS_44.25_-69.25,44.25,-69.25,55.2
411,CONUS_43.75_-123.75,43.75,-123.75,105.2
412,CONUS_43.75_-123.25,43.75,-123.25,124.0
413,CONUS_43.75_-122.75,43.75,-122.75,313.5
414,CONUS_43.75_-122.25,43.75,-122.25,401.1
415,CONUS_43.75_-121.75,43.75,-121.75,190.5
416,CONUS_43.75_-121.25,43.75,-121.25,225.4
417,CONUS_43.75_-115.75,43.75,-115.75,288.4
418,CONUS_43.75_-115.25,43.75,-115.25,345.5
419,CONUS_43.75_-114.75,43.75,-114.75,294.9
420,CONUS_43.75_-114.25,43.75,-114.25,395.9
421,CONUS_43.75_-111.25,43.75,-111.25,218.5
422,CONUS_43.75_-110.75,43.75,-110.75,371.4
423,CONUS_43.75_-110.25,43.75,-110.25,256.2
424,CONUS_43.75_-109.75,43.75,-109.75,351.3
425,CONUS_43.75_-103.75,43.75,-103.75,230.0
426,CONUS_43.75_-92.25,43.75,-92.25,30.6
427,CONUS_43.75_-91.75,43.75,-91.75,41.4
428,CONUS_43.75_-88.25,43.75,-88.25,32.7
429,CONUS_43.75_-87.75,43.75,-87.75,38.5
430,CONUS_43.75_-86.75,43.75,-86.75,5.4
431,CONUS_43.75_-86.25,43.75,-86.25,29.5
432,CONUS_43.75_-85.75,43.75,-85.75,37.3
433,CONUS_43.75_-85.25,43.75,-85.25,27.8
434,CONUS_43.75_-84.75,43.75,-84.75,41.5
435,CONUS_43.75_-84.25,43.75,-84.25,13.1
436,CONUS_43.75_-83.75,43.75,-83.75,5.2
437,CONUS_43.75_-83.25,43.75,-83.25,21.1
438,CONUS_43.75_-82.75,43.75,-82.75,26.5
439,CONUS_43.75_-76.25,43.75,-76.25,42.0
440,CONUS_43.75_-75.75,43.75,-75.75,124.1
441,CONUS_43.75_-75.25,43.75,-75.25,108.1
442,CONUS_43.75_-74.75,43.75,-74.75,85.5
443,CONUS_43.75_-74.25,43.75,-74.25,112.5
444,CONUS_43.75_-73.75,43.75,-73.75,136.0
445,CONUS_43.75_-73.25,43.75,-73.25,126.4
446,CONUS_43.75_-72.75,43.75,-72.75,171.3
447,CONUS_43.75_-72.25,43.75,-72.25,116.4
448,CONUS_43.75_-71.75,43.75,-71.75,165.4
449,CONUS_43.75_-71.25,43.75,-71.25,169.4
450,CONUS_43.75_-70.75,43.75,-70.75,62.4
451,CONUS_43.75_-70.25,43.75,-70.25,38.6
452,CONUS_43.25_-124.25,43.25,-124.25,85.2
453,CONUS_43.25_-123.75,43.25,-123.75,174.8
454,CONUS_43.25_-123.25,43.25,-123.25,167.7
455,CONUS_43.25_-122.75,43.25,-122.75,252.4
456,CONUS_43.25_-122.25,43.25,-122.25,318.6
457,CONUS_43.25_-121.75,43.25,-121.75,146.5
458,CONUS_43.25_-121.25,43.25,-121.25,160.4
459,CONUS_43.25_-111.25,43.25,-111.25,264.0
460,CONUS_43.25_-110.75,43.25,-110.75,311.1
461,CONUS_43.25_-110.25,43.25,-110.25,281.9
462,CONUS_43.25_-91.75,43.25,-91.75,33.5
463,CONUS_43.25_-91.25,43.25,-91.25,52.3
464,CONUS_43.25_-90.75,43.25,-90.75,42.1
465,CONUS_43.25_-86.25,43.25,-86.25,15.2
466,CONUS_43.25_-85.75,43.25,-85.75,25.3
467,CONUS_43.25_-85.25,43.25,-85.25,14.5
468,CONUS_43.25_-84.75,43.25,-84.75,18.6
469,CONUS_43.25_-84.25,43.25,-84.25,15.1
470,CONUS_43.25_-83.75,43.25,-83.75,20.4
471,CONUS_43.25_-83.25,43.25,-83.25,16.6
472,CONUS_43.25_-82.75,43.25,-82.75,18.6
473,CONUS_43.25_-75.75,43.25,-75.75,92.1
474,CONUS_43.25_-74.75,43.25,-74.75,155.9
475,CONUS_43.25_-74.25,43.25,-74.25,140.5
476,CONUS_43.25_-73.75,43.25,-73.75,149.2
477,CONUS_43.25_-73.25,43.25,-73.25,194.8
478,CONUS_43.25_-72.75,43.25,-72.75,162.4
479,CONUS_43.25_-72.25,43.25,-72.25,120.3
480,CONUS_43.25_-71.75,43.25,-71.75,93.7
481,CONUS_43.25_-70.75,43.25,-70.75,45.7
482,CONUS_42.75_-124.25,42.75,-124.25,224.9
483,CONUS_42.75_-123.75,42.75,-123.75,246.1
484,CONUS_42.75_-123.25,42.75,-123.25,230.3
485,CONUS_42.75_-122.75,42.75,-122.75,274.3
486,CONUS_42.75_-122.25,42.75,-122.25,365.2
487,CONUS_42.75_-121.75,42.75,-121.75,120.5
488,CONUS_42.75_-121.25,42.75,-121.25,171.3
489,CONUS_42.75_-120.75,42.75,-120.75,309.9
490,CONUS_42.75_-111.25,42.75,-111.25,186.3
491,CONUS_42.75_-110.75,42.75,-110.75,339.9
492,CONUS_42.75_-109.25,42.75,-109.25,399.3
493,CONUS_42.75_-91.25,42.75,-91.25,41.8
494,CONUS_42.75_-90.75,42.75,-90.75,41.1
495,CONUS_42.75_-86.25,42.75,-86.25,12.4
496,CONUS_42.75_-85.75,42.75,-85.75,19.8
497,CONUS_42.75_-85.25,42.75,-85.25,21.6
498,CONUS_42.75_-84.75,42.75,-84.75,19.2
499,CONUS_42.75_-84.25,42.75,-84.25,17.4
500,CONUS_42.75_-73.25,42.75,-73.25,183.3
501,CONUS_42.75_-72.75,42.75,-72.75,187.7
502,CONUS_42.75_-72.25,42.75,-72.25,88.3
503,CONUS_42.75_-71.75,42.75,-71.75,109.0
504,CONUS_42.25_-124.25,42.25,-124.25,266.6
505,CONUS_42.25_-123.75,42.25,-123.75,242.1
506,CONUS_42.25_-123.25,42.25,-123.25,356.6
507,CONUS_42.25_-122.75,42.25,-122.75,418.0
508,CONUS_42.25_-122.25,42.25,-122.25,263.7
509,CONUS_42.25_-121.75,42.25,-121.75,149.3
510,CONUS_42.25_-120.75,42.25,-120.75,167.7
511,CONUS_42.25_-120.25,42.25,-120.25,217.8
512,CONUS_42.25_-90.75,42.25,-90.75,34.7
513,CONUS_42.25_-90.25,42.25,-90.25,36.7
514,CONUS_42.25_-86.25,42.25,-86.25,22.9
515,CONUS_42.25_-85.75,42.25,-85.75,22.8
516,CONUS_42.25_-85.25,42.25,-85.25,12.3
517,CONUS_42.25_-84.75,42.25,-84.75,17.5
518,CONUS_42.25_-80.25,42.25,-80.25,45.6
519,CONUS_42.25_-79.75,42.25,-79.75,138.9
520,CONUS_42.25_-79.25,42.25,-79.25,98.4
521,CONUS_42.25_-78.75,42.25,-78.75,104.3
522,CONUS_42.25_-78.25,42.25,-78.25,81.9
523,CONUS_42.25_-77.75,42.25,-77.75,90.5
524,CONUS_42.25_-77.25,42.25,-77.25,83.7
525,CONUS_42.25_-76.75,42.25,-76.75,93.6
526,CONUS_42.25_-75.75,42.25,-75.75,64.6
527,CONUS_42.25_-75.25,42.25,-75.25,87.3
528,CONUS_42.25_-74.75,42.25,-74.75,117.5
529,CONUS_42.25_-74.25,42.25,-74.25,220.3
530,CONUS_42.25_-73.25,42.25,-73.25,105.0
531,CONUS_42.25_-72.75,42.25,-72.75,142.7
532,CONUS_42.25_-72.25,42.25,-72.25,68.6
533,CONUS_42.25_-71.25,42.25,-71.25,25.2
534,CONUS_41.75_-123.75,41.75,-123.75,367.1
535,CONUS_41.75_-123.25,41.75,-123.25,427.8
536,CONUS_41.75_-122.75,41.75,-122.75,273.1
537,CONUS_41.75_-122.25,41.75,-122.25,391.1
538,CONUS_41.75_-121.75,41.75,-121.75,249.6
539,CONUS_41.75_-111.75,41.75,-111.75,406.6
540,CONUS_41.75_-86.75,41.75,-86.75,27.6
541,CONUS_41.75_-85.75,41.75,-85.75,16.6
542,CONUS_41.75_-85.25,41.75,-85.25,16.2
543,CONUS_41.75_-84.75,41.75,-84.75,27.5
544,CONUS_41.75_-84.25,41.75,-84.25,36.2
545,CONUS_41.75_-83.75,41.75,-83.75,13.2
546,CONUS_41.75_-83.25,41.75,-83.25,5.2
547,CONUS_41.75_-81.25,41.75,-81.25,77.1
548,CONUS_41.75_-80.75,41.75,-80.75,54.0
549,CONUS_41.75_-80.25,41.75,-80.25,58.2
550,CONUS_41.75_-79.75,41.75,-79.75,45.2
551,CONUS_41.75_-79.25,41.75,-79.25,63.7
552,CONUS_41.75_-78.75,41.75,-78.75,70.4
553,CONUS_41.75_-78.25,41.75,-78.25,82.0
554,CONUS_41.75_-77.75,41.75,-77.75,83.0
555,CONUS_41.75_-77.25,41.75,-77.25,86.9
556,CONUS_41.75_-76.75,41.75,-76.75,103.2
557,CONUS_41.75_-76.25,41.75,-76.25,92.3
558,CONUS_41.75_-75.75,41.75,-75.75,83.2
559,CONUS_41.75_-75.25,41.75,-75.25,82.7
560,CONUS_41.75_-74.75,41.75,-74.75,120.4
561,CONUS_41.75_-74.25,41.75,-74.25,186.9
562,CONUS_41.75_-73.75,41.75,-73.75,90.2
563,CONUS_41.75_-73.25,41.75,-73.25,89.9
564,CONUS_41.75_-70.75,41.75,-70.75,14.5
565,CONUS_41.25_-123.75,41.25,-123.75,307.1
566,CONUS_41.25_-123.25,41.25,-123.25,395.3
567,CONUS_41.25_-122.75,41.25,-122.75,386.9
568,CONUS_41.25_-122.25,41.25,-122.25,509.7
569,CONUS_41.25_-121.75,41.25,-121.75,246.4
570,CONUS_41.25_-121.25,41.25,-121.25,163.4
571,CONUS_41.25_-120.75,41.25,-120.75,191.0
572,CONUS_41.25_-106.25,41.25,-106.25,256.1
573,CONUS_41.25_-86.25,41.25,-86.25,12.7
574,CONUS_41.25_-85.75,41.25,-85.75,12.3
575,CONUS_41.25_-85.25,41.25,-85.25,19.3
576,CONUS_41.25_-84.75,41.25,-84.75,17.4
577,CONUS_41.25_-84.25,41.25,-84.25,7.3
578,CONUS_41.25_-83.75,41.25,-83.75,14.5
579,CONUS_41.25_-83.25,41.25,-83.25,25.7
580,CONUS_41.25_-82.75,41.25,-82.75,43.3
581,CONUS_41.25_-82.25,41.25,-82.25,48.0
582,CONUS_41.25_-81.25,41.25,-81.25,25.0
583,CONUS_41.25_-80.75,41.25,-80.75,28.6
584,CONUS_41.25_-79.75,41.25,-79.75,40.3
585,CONUS_41.25_-79.25,41.25,-79.25,44.1
586,CONUS_41.25_-78.75,41.25,-78.75,58.9
587,CONUS_41.25_-78.25,41.25,-78.25,73.7
588,CONUS_41.25_-77.75,41.25,-77.75,110.7
589,CONUS_41.25_-77.25,41.25,-77.25,139.7
590,CONUS_41.25_-76.75,41.25,-76.75,137.3
591,CONUS_41.25_-76.25,41.25,-76.25,158.4
592,CONUS_41.25_-75.75,41.25,-75.75,118.3
593,CONUS_41.25_-75.25,41.25,-75.25,117.7
594,CONUS_41.25_-74.75,41.25,-74.75,86.5
595,CONUS_41.25_-74.25,41.25,-74.25,87.3
596,CONUS_41.25_-73.75,41.25,-73.75,76.5
597,CONUS_41.25_-73.25,41.25,-73.25,60.6
598,CONUS_40.75_-123.75,40.75,-123.75,335.6
599,CONUS_40.75_-123.25,40.75,-123.25,351.8
600,CONUS_40.75_-122.75,40.75,-122.75,375.1
601,CONUS_40.75_-122.25,40.75,-122.25,242.0
602,CONUS_40.75_-121.75,40.75,-121.75,411.4
603,CONUS_40.75_-121.25,40.75,-121.25,304.0
604,CONUS_40.75_-110.75,40.75,-110.75,293.5
605,CONUS_40.75_-110.25,40.75,-110.25,398.0
606,CONUS_40.75_-109.75,40.75,-109.75,437.7
607,CONUS_40.75_-106.75,40.75,-106.75,327.1
608,CONUS_40.75_-105.75,40.75,-105.75,316.0
609,CONUS_40.75_-86.25,40.75,-86.25,17.7
610,CONUS_40.75_-85.75,40.75,-85.75,13.7
611,CONUS_40.75_-85.25,40.75,-85.25,9.1
612,CONUS_40.75_-84.75,40.75,-84.75,11.2
613,CONUS_40.75_-84.25,40.75,-84.25,24.1
614,CONUS_40.75_-82.75,40.75,-82.75,39.1
615,CONUS_40.75_-82.25,40.75,-82.25,28.2
616,CONUS_40.75_-80.75,40.75,-80.75,33.9
617,CONUS_40.75_-80.25,40.75,-80.25,43.8
618,CONUS_40.75_-79.75,40.75,-79.75,43.7
619,CONUS_40.75_-79.25,40.75,-79.25,55.6
620,CONUS_40.75_-78.75,40.75,-78.75,66.4
621,CONUS_40.75_-78.25,40.75,-78.25,125.8
622,CONUS_40.75_-77.75,40.75,-77.75,131.5
623,CONUS_40.75_-77.25,40.75,-77.25,147.1
624,CONUS_40.75_-76.75,40.75,-76.75,80.2
625,CONUS_40.75_-76.25,40.75,-76.25,107.8
626,CONUS_40.75_-75.75,40.75,-75.75,120.9
627,CONUS_40.75_-74.75,40.75,-74.75,89.2
628,CONUS_40.75_-73.25,40.75,-73.25,21.0
629,CONUS_40.25_-124.25,40.25,-124.25,211.2
630,CONUS_40.25_-123.75,40.25,-123.75,317.3
631,CONUS_40.25_-123.25,40.25,-123.25,284.0
632,CONUS_40.25_-122.75,40.25,-122.75,534.5
633,CONUS_40.25_-121.75,40.25,-121.75,504.7
634,CONUS_40.25_-121.25,40.25,-121.25,281.8
635,CONUS_40.25_-120.75,40.25,-120.75,264.7
636,CONUS_40.25_-107.25,40.25,-107.25,424.5
637,CONUS_40.25_-106.75,40.25,-106.75,280.7
638,CONUS_40.25_-106.25,40.25,-106.25,259.6
639,CONUS_40.25_-105.75,40.25,-105.75,373.8
640,CONUS_40.25_-92.75,40.25,-92.75,20.7
641,CONUS_40.25_-86.25,40.25,-86.25,16.2
642,CONUS_40.25_-85.75,40.25,-85.75,10.8
643,CONUS_40.25_-85.25,40.25,-85.25,27.2
644,CONUS_40.25_-84.75,40.25,-84.75,24.5
645,CONUS_40.25_-84.25,40.25,-84.25,16.8
646,CONUS_40.25_-82.25,40.25,-82.25,30.4
647,CONUS_40.25_-81.75,40.25,-81.75,27.8
648,CONUS_40.25_-81.25,40.25,-81.25,31.0
649,CONUS_40.25_-80.75,40.25,-80.75,46.1
650,CONUS_40.25_-80.25,40.25,-80.25,38.9
651,CONUS_40.25_-79.25,40.25,-79.25,150.4
652,CONUS_40.25_-78.75,40.25,-78.75,133.4
653,CONUS_40.25_-78.25,40.25,-78.25,117.0
654,CONUS_40.25_-77.75,40.25,-77.75,130.6
655,CONUS_40.25_-77.25,40.25,-77.25,101.9
656,CONUS_40.25_-75.75,40.25,-75.75,61.0
657,CONUS_40.25_-74.25,40.25,-74.25,16.1
658,CONUS_39.75_-123.75,39.75,-123.75,248.3
659,CONUS_39.75_-123.25,39.75,-123.25,302.6
660,CONUS_39.75_-122.75,39.75,-122.75,515.1
661,CONUS_39.75_-121.25,39.75,-121.25,429.7
662,CONUS_39.75_-120.75,39.75,-120.75,302.8
663,CONUS_39.75_-111.25,39.75,-111.25,325.6
664,CONUS_39.75_-107.75,39.75,-107.75,368.7
665,CONUS_39.75_-107.25,39.75,-107.25,437.2
666,CONUS_39.75_-106.75,39.75,-106.75,324.7
667,CONUS_39.75_-106.25,39.75,-106.25,343.1
668,CONUS_39.75_-105.75,39.75,-105.75,361.8
669,CONUS_39.75_-105.25,39.75,-105.25,431.3
670,CONUS_39.75_-87.25,39.75,-87.25,25.4
671,CONUS_39.75_-86.75,39.75,-86.75,23.5
672,CONUS_39.75_-85.75,39.75,-85.75,22.9
673,CONUS_39.75_-85.25,39.75,-85.25,23.3
674,CONUS_39.75_-84.75,39.75,-84.75,27.3
675,CONUS_39.75_-82.75,39.75,-82.75,36.7
676,CONUS_39.75_-82.25,39.75,-82.25,23.2
677,CONUS_39.75_-81.75,39.75,-81.75,26.9
678,CONUS_39.75_-81.25,39.75,-81.25,38.4
679,CONUS_39.75_-80.75,39.75,-80.75,48.8
680,CONUS_39.75_-80.25,39.75,-80.25,34.6
681,CONUS_39.75_-79.75,39.75,-79.75,147.3
682,CONUS_39.75_-79.25,39.75,-79.25,117.6
683,CONUS_39.75_-78.75,39.75,-78.75,190.3
684,CONUS_39.75_-78.25,39.75,-78.25,118.4
685,CONUS_39.75_-74.75,39.75,-74.75,10.8
686,CONUS_39.75_-74.25,39.75,-74.25,17.1
687,CONUS_39.25_-123.75,39.25,-123.75,119.5
688,CONUS_39.25_-123.25,39.25,-123.25,234.0
689,CONUS_39.25_-122.75,39.25,-122.75,337.0
690,CONUS_39.25_-120.75,39.25,-120.75,418.0
691,CONUS_39.25_-120.25,39.25,-120.25,225.9
692,CONUS_39.25_-107.75,39.25,-107.75,422.3
693,CONUS_39.25_-107.25,39.25,-107.25,472.6
694,CONUS_39.25_-106.75,39.25,-106.75,437.0
695,CONUS_39.25_-106.25,39.25,-106.25,323.4
696,CONUS_39.25_-105.25,39.25,-105.25,317.0
697,CONUS_39.25_-92.75,39.25,-92.75,21.4
698,CONUS_39.25_-90.75,39.25,-90.75,35.0
699,CONUS_39.25_-86.75,39.25,-86.75,28.7
700,CONUS_39.25_-86.25,39.25,-86.25,27.9
701,CONUS_39.25_-85.75,39.25,-85.75,27.2
702,CONUS_39.25_-85.25,39.25,-85.25,21.3
703,CONUS_39.25_-83.75,39.25,-83.75,21.0
704,CONUS_39.25_-83.25,39.25,-83.25,37.3
705,CONUS_39.25_-82.75,39.25,-82.75,35.3
706,CONUS_39.25_-82.25,39.25,-82.25,23.5
707,CONUS_39.25_-81.75,39.25,-81.75,21.2
708,CONUS_39.25_-81.25,39.25,-81.25,31.8
709,CONUS_39.25_-80.75,39.25,-80.75,38.3
710,CONUS_39.25_-80.25,39.25,-80.25,64.5
711,CONUS_39.25_-79.75,39.25,-79.75,156.8
712,CONUS_39.25_-79.25,39.25,-79.25,235.7
713,CONUS_39.25_-78.75,39.25,-78.75,152.9
714,CONUS_39.25_-78.25,39.25,-78.25,111.6
715,CONUS_39.25_-74.75,39.25,-74.75,8.2
716,CONUS_38.75_-123.25,38.75,-123.25,151.6
717,CONUS_38.75_-120.75,38.75,-120.75,335.9
718,CONUS_38.75_-120.25,38.75,-120.25,404.8
719,CONUS_38.75_-119.75,38.75,-119.75,402.3
720,CONUS_38.75_-112.25,38.75,-112.25,421.0
721,CONUS_38.75_-111.75,38.75,-111.75,468.1
722,CONUS_38.75_-107.25,38.75,-107.25,354.1
723,CONUS_38.75_-106.75,38.75,-106.75,343.9
724,CONUS_38.75_-106.25,38.75,-106.25,495.3
725,CONUS_38.75_-105.25,38.75,-105.25,378.2
726,CONUS_38.75_-93.25,38.75,-93.25,26.7
727,CONUS_38.75_-92.75,38.75,-92.75,29.0
728,CONUS_38.75_-92.25,38.75,-92.25,31.6
729,CONUS_38.75_-91.75,38.75,-91.75,30.9
730,CONUS_38.75_-91.25,38.75,-91.25,34.6
731,CONUS_38.75_-90.75,38.75,-90.75,31.2
732,CONUS_38.75_-90.25,38.75,-90.25,21.7
733,CONUS_38.75_-86.75,38.75,-86.75,27.6
734,CONUS_38.75_-86.25,38.75,-86.25,29.2
735,CONUS_38.75_-85.75,38.75,-85.75,27.7
736,CONUS_38.75_-85.25,38.75,-85.25,31.6
737,CONUS_38.75_-84.75,38.75,-84.75,29.3
738,CONUS_38.75_-84.25,38.75,-84.25,27.4
739,CONUS_38.75_-83.75,38.75,-83.75,30.6
740,CONUS_38.75_-83.25,38.75,-83.25,46.0
741,CONUS_38.75_-82.75,38.75,-82.75,30.0
742,CONUS_38.75_-82.25,38.75,-82.25,27.2
743,CONUS_38.75_-81.75,38.75,-81.75,33.5
744,CONUS_38.75_-81.25,38.75,-81.25,34.4
745,CONUS_38.75_-80.75,38.75,-80.75,81.1
746,CONUS_38.75_-80.25,38.75,-80.25,197.0
747,CONUS_38.75_-79.75,38.75,-79.75,188.7
748,CONUS_38.75_-79.25,38.75,-79.25,217.2
749,CONUS_38.75_-78.75,38.75,-78.75,155.8
750,CONUS_38.75_-78.25,38.75,-78.25,197.0
751,CONUS_38.75_-77.25,38.75,-77.25,36.7
752,CONUS_38.75_-76.75,38.75,-76.75,18.9
753,CONUS_38.25_-120.25,38.25,-120.25,456.8
754,CONUS_38.25_-119.75,38.25,-119.75,385.1
755,CONUS_38.25_-112.25,38.25,-112.25,397.2
756,CONUS_38.25_-108.25,38.25,-108.25,283.0
757,CONUS_38.25_-107.75,38.25,-107.75,488.5
758,CONUS_38.25_-107.25,38.25,-107.25,363.7
759,CONUS_38.25_-106.75,38.25,-106.75,264.6
760,CONUS_38.25_-106.25,38.25,-106.25,324.9
761,CONUS_38.25_-105.75,38.25,-105.75,467.2
762,CONUS_38.25_-105.25,38.25,-105.25,454.2
763,CONUS_38.25_-93.75,38.25,-93.75,16.3
764,CONUS_38.25_-93.25,38.25,-93.25,30.5
765,CONUS_38.25_-92.75,38.25,-92.75,31.8
766,CONUS_38.25_-92.25,38.25,-92.25,37.2
767,CONUS_38.25_-91.75,38.25,-91.75,39.0
768,CONUS_38.25_-91.25,38.25,-91.25,32.0
769,CONUS_38.25_-90.75,38.25,-90.75,40.4
770,CONUS_38.25_-90.25,38.25,-90.25,37.0
771,CONUS_38.25_-89.75,38.25,-89.75,12.0
772,CONUS_38.25_-87.75,38.25,-87.75,12.1
773,CONUS_38.25_-87.25,38.25,-87.25,13.1
774,CONUS_38.25_-86.75,38.25,-86.75,28.6
775,CONUS_38.25_-86.25,38.25,-86.25,32.1
776,CONUS_38.25_-84.75,38.25,-84.75,28.1
777,CONUS_38.25_-83.75,38.25,-83.75,28.6
778,CONUS_38.25_-83.25,38.25,-83.25,37.1
779,CONUS_38.25_-82.75,38.25,-82.75,30.8
780,CONUS_38.25_-82.25,38.25,-82.25,45.2
781,CONUS_38.25_-81.75,38.25,-81.75,75.0
782,CONUS_38.25_-81.25,38.25,-81.25,103.9
783,CONUS_38.25_-80.75,38.25,-80.75,177.4
784,CONUS_38.25_-80.25,38.25,-80.25,176.2
785,CONUS_38.25_-79.75,38.25,-79.75,197.5
786,CONUS_38.25_-79.25,38.25,-79.25,185.5
787,CONUS_38.25_-78.75,38.25,-78.75,161.9
788,CONUS_38.25_-78.25,38.25,-78.25,145.9
789,CONUS_38.25_-77.75,38.25,-77.75,19.5
790,CONUS_38.25_-77.25,38.25,-77.25,19.9
791,CONUS_38.25_-76.75,38.25,-76.75,14.2
792,CONUS_38.25_-75.75,38.25,-75.75,4.6
793,CONUS_38.25_-75.25,38.25,-75.25,5.3
794,CONUS_37.75_-119.75,37.75,-119.75,573.9
795,CONUS_37.75_-112.75,37.75,-112.75,393.2
796,CONUS_37.75_-108.25,37.75,-108.25,326.4
797,CONUS_37.75_-107.75,37.75,-107.75,387.5
798,CONUS_37.75_-107.25,37.75,-107.25,315.8
799,CONUS_37.75_-106.75,37.75,-106.75,338.4
800,CONUS_37.75_-105.25,37.75,-105.25,395.1
801,CONUS_37.75_-93.75,37.75,-93.75,27.5
802,CONUS_37.75_-93.25,37.75,-93.25,28.1
803,CONUS_37.75_-92.75,37.75,-92.75,42.7
804,CONUS_37.75_-92.25,37.75,-92.25,35.6
805,CONUS_37.75_-91.75,37.75,-91.75,40.4
806,CONUS_37.75_-91.25,37.75,-91.25,46.5
807,CONUS_37.75_-90.75,37.75,-90.75,53.7
808,CONUS_37.75_-90.25,37.75,-90.25,48.6
809,CONUS_37.75_-89.75,37.75,-89.75,31.5
810,CONUS_37.75_-89.25,37.75,-89.25,29.4
811,CONUS_37.75_-88.75,37.75,-88.75,26.3
812,CONUS_37.75_-88.25,37.75,-88.25,24.0
813,CONUS_37.75_-86.75,37.75,-86.75,25.2
814,CONUS_37.75_-86.25,37.75,-86.25,25.7
815,CONUS_37.75_-85.75,37.75,-85.75,37.5
816,CONUS_37.75_-85.25,37.75,-85.25,30.2
817,CONUS_37.75_-83.75,37.75,-83.75,43.4
818,CONUS_37.75_-83.25,37.75,-83.25,33.1
819,CONUS_37.75_-82.75,37.75,-82.75,47.9
820,CONUS_37.75_-82.25,37.75,-82.25,80.4
821,CONUS_37.75_-81.75,37.75,-81.75,111.6
822,CONUS_37.75_-81.25,37.75,-81.25,119.6
823,CONUS_37.75_-80.75,37.75,-80.75,130.7
824,CONUS_37.75_-80.25,37.75,-80.25,136.9
825,CONUS_37.75_-79.75,37.75,-79.75,178.8
826,CONUS_37.75_-79.25,37.75,-79.25,215.4
827,CONUS_37.75_-78.75,37.75,-78.75,140.0
828,CONUS_37.75_-78.25,37.75,-78.25,29.3
829,CONUS_37.75_-77.75,37.75,-77.75,16.7
830,CONUS_37.75_-77.25,37.75,-77.25,11.3
831,CONUS_37.75_-76.75,37.75,-76.75,10.4
832,CONUS_37.75_-75.75,37.75,-75.75,4.6
833,CONUS_37.25_-122.25,37.25,-122.25,197.3
834,CONUS_37.25_-119.25,37.25,-119.25,644.7
835,CONUS_37.25_-107.75,37.25,-107.75,339.7
836,CONUS_37.25_-107.25,37.25,-107.25,343.1
837,CONUS_37.25_-106.75,37.25,-106.75,457.8
838,CONUS_37.25_-106.25,37.25,-106.25,349.2
839,CONUS_37.25_-105.25,37.25,-105.25,381.4
840,CONUS_37.25_-104.75,37.25,-104.75,256.5
841,CONUS_37.25_-92.75,37.25,-92.75,39.5
842,CONUS_37.25_-92.25,37.25,-92.25,35.1
843,CONUS_37.25_-91.75,37.25,-91.75,35.6
844,CONUS_37.25_-91.25,37.25,-91.25,51.1
845,CONUS_37.25_-90.75,37.25,-90.75,47.2
846,CONUS_37.25_-90.25,37.25,-90.25,48.1
847,CONUS_37.25_-89.75,37.25,-89.75,31.5
848,CONUS_37.25_-89.25,37.25,-89.25,26.3
849,CONUS_37.25_-88.75,37.25,-88.75,23.0
850,CONUS_37.25_-88.25,37.25,-88.25,24.7
851,CONUS_37.25_-87.75,37.25,-87.75,21.8
852,CONUS_37.25_-87.25,37.25,-87.25,25.2
853,CONUS_37.25_-86.75,37.25,-86.75,22.7
854,CONUS_37.25_-86.25,37.25,-86.25,25.5
855,CONUS_37.25_-85.75,37.25,-85.75,23.2
856,CONUS_37.25_-85.25,37.25,-85.25,34.8
857,CONUS_37.25_-84.75,37.25,-84.75,35.4
858,CONUS_37.25_-84.25,37.25,-84.25,32.3
859,CONUS_37.25_-83.75,37.25,-83.75,49.0
860,CONUS_37.25_-83.25,37.25,-83.25,81.7
861,CONUS_37.25_-82.75,37.25,-82.75,138.0
862,CONUS_37.25_-82.25,37.25,-82.25,119.3
863,CONUS_37.25_-81.75,37.25,-81.75,134.8
864,CONUS_37.25_-81.25,37.25,-81.25,123.8
865,CONUS_37.25_-80.75,37.25,-80.75,143.6
866,CONUS_37.25_-80.25,37.25,-80.25,158.5
867,CONUS_37.25_-79.75,37.25,-79.75,106.2
868,CONUS_37.25_-79.25,37.25,-79.25,51.3
869,CONUS_37.25_-78.75,37.25,-78.75,33.8
870,CONUS_37.25_-78.25,37.25,-78.25,22.9
871,CONUS_37.25_-77.75,37.25,-77.75,16.6
872,CONUS_37.25_-77.25,37.25,-77.25,7.2
873,CONUS_37.25_-76.75,37.25,-76.75,10.3
874,CONUS_36.75_-118.75,36.75,-118.75,741.9
875,CONUS_36.75_-106.25,36.75,-106.25,237.9
876,CONUS_36.75_-105.25,36.75,-105.25,352.4
877,CONUS_36.75_-93.75,36.75,-93.75,48.7
878,CONUS_36.75_-93.25,36.75,-93.25,50.9
879,CONUS_36.75_-92.75,36.75,-92.75,51.4
880,CONUS_36.75_-92.25,36.75,-92.25,40.0
881,CONUS_36.75_-91.75,36.75,-91.75,44.8
882,CONUS_36.75_-91.25,36.75,-91.25,42.6
883,CONUS_36.75_-90.75,36.75,-90.75,43.3
884,CONUS_36.75_-90.25,36.75,-90.25,19.1
885,CONUS_36.75_-89.75,36.75,-89.75,15.0
886,CONUS_36.75_-89.25,36.75,-89.25,12.1
887,CONUS_36.75_-88.25,36.75,-88.25,20.1
888,CONUS_36.75_-87.75,36.75,-87.75,23.2
889,CONUS_36.75_-86.25,36.75,-86.25,35.9
890,CONUS_36.75_-85.75,36.75,-85.75,32.3
891,CONUS_36.75_-85.25,36.75,-85.25,53.8
892,CONUS_36.75_-84.75,36.75,-84.75,70.3
893,CONUS_36.75_-84.25,36.75,-84.25,74.7
894,CONUS_36.75_-83.75,36.75,-83.75,114.2
895,CONUS_36.75_-83.25,36.75,-83.25,131.6
896,CONUS_36.75_-82.75,36.75,-82.75,177.4
897,CONUS_36.75_-82.25,36.75,-82.25,116.8
898,CONUS_36.75_-81.75,36.75,-81.75,210.8
899,CONUS_36.75_-81.25,36.75,-81.25,123.3
900,CONUS_36.75_-80.75,36.75,-80.75,148.7
901,CONUS_36.75_-80.25,36.75,-80.25,212.5
902,CONUS_36.75_-79.75,36.75,-79.75,58.2
903,CONUS_36.75_-79.25,36.75,-79.25,38.8
904,CONUS_36.75_-78.75,36.75,-78.75,20.0
905,CONUS_36.75_-78.25,36.75,-78.25,23.8
906,CONUS_36.75_-77.75,36.75,-77.75,20.7
907,CONUS_36.75_-77.25,36.75,-77.25,8.3
908,CONUS_36.75_-76.25,36.75,-76.25,1.9
909,CONUS_36.25_-121.75,36.25,-121.75,306.0
910,CONUS_36.25_-118.75,36.25,-118.75,920.9
911,CONUS_36.25_-118.25,36.25,-118.25,549.1
912,CONUS_36.25_-112.25,36.25,-112.25,502.4
913,CONUS_36.25_-106.75,36.25,-106.75,282.0
914,CONUS_36.25_-105.75,36.25,-105.75,374.7
915,CONUS_36.25_-105.25,36.25,-105.25,301.0
916,CONUS_36.25_-93.75,36.25,-93.75,55.3
917,CONUS_36.25_-93.25,36.25,-93.25,97.3
918,CONUS_36.25_-92.75,36.25,-92.75,53.8
919,CONUS_36.25_-92.25,36.25,-92.25,48.1
920,CONUS_36.25_-91.75,36.25,-91.75,37.4
921,CONUS_36.25_-91.25,36.25,-91.25,45.8
922,CONUS_36.25_-90.75,36.25,-90.75,18.7
923,CONUS_36.25_-90.25,36.25,-90.25,15.8
924,CONUS_36.25_-89.75,36.25,-89.75,3.1
925,CONUS_36.25_-89.25,36.25,-89.25,16.5
926,CONUS_36.25_-88.75,36.25,-88.75,14.4
927,CONUS_36.25_-88.25,36.25,-88.25,19.0
928,CONUS_36.25_-87.75,36.25,-87.75,36.1
929,CONUS_36.25_-87.25,36.25,-87.25,35.2
930,CONUS_36.25_-86.75,36.25,-86.75,36.9
931,CONUS_36.25_-86.25,36.25,-86.25,41.9
932,CONUS_36.25_-85.75,36.25,-85.75,48.5
933,CONUS_36.25_-85.25,36.25,-85.25,109.8
934,CONUS_36.25_-84.75,36.25,-84.75,66.4
935,CONUS_36.25_-84.25,36.25,-84.25,162.1
936,CONUS_36.25_-83.75,36.25,-83.75,68.4
937,CONUS_36.25_-83.25,36.25,-83.25,63.8
938,CONUS_36.25_-82.75,36.25,-82.75,176.4
939,CONUS_36.25_-82.25,36.25,-82.25,267.1
940,CONUS_36.25_-81.75,36.25,-81.75,228.6
941,CONUS_36.25_-81.25,36.25,-81.25,237.4
942,CONUS_36.25_-80.75,36.25,-80.75,98.8
943,CONUS_36.25_-80.25,36.25,-80.25,50.5
944,CONUS_36.25_-79.75,36.25,-79.75,26.8
945,CONUS_36.25_-79.25,36.25,-79.25,23.0
946,CONUS_36.25_-78.75,36.25,-78.75,31.1
947,CONUS_36.25_-78.25,36.25,-78.25,20.7
948,CONUS_36.25_-77.75,36.25,-77.75,25.4
949,CONUS_36.25_-77.25,36.25,-77.25,7.4
950,CONUS_36.25_-76.75,36.25,-76.75,5.2
951,CONUS_36.25_-76.25,36.25,-76.25,1.4
952,CONUS_35.75_-106.75,35.75,-106.75,351.9
953,CONUS_35.75_-105.75,35.75,-105.75,458.2
954,CONUS_35.75_-105.25,35.75,-105.25,229.6
955,CONUS_35.75_-94.25,35.75,-94.25,116.4
956,CONUS_35.75_-93.75,35.75,-93.75,152.9
957,CONUS_35.75_-93.25,35.75,-93.25,135.6
958,CONUS_35.75_-92.75,35.75,-92.75,103.1
959,CONUS_35.75_-92.25,35.75,-92.25,86.0
960,CONUS_35.75_-91.75,35.75,-91.75,67.3
961,CONUS_35.75_-91.25,35.75,-91.25,27.0
962,CONUS_35.75_-90.75,35.75,-90.75,15.5
963,CONUS_35.75_-90.25,35.75,-90.25,2.3
964,CONUS_35.75_-89.75,35.75,-89.75,16.2
965,CONUS_35.75_-89.25,35.75,-89.25,13.8
966,CONUS_35.75_-88.75,35.75,-88.75,18.2
967,CONUS_35.75_-88.25,35.75,-88.25,17.6
968,CONUS_35.75_-87.75,35.75,-87.75,43.4
969,CONUS_35.75_-87.25,35.75,-87.25,30.7
970,CONUS_35.75_-86.75,35.75,-86.75,26.8
971,CONUS_35.75_-86.25,35.75,-86.25,60.5
972,CONUS_35.75_-85.75,35.75,-85.75,83.2
973,CONUS_35.75_-85.25,35.75,-85.25,108.1
974,CONUS_35.75_-84.75,35.75,-84.75,130.5
975,CONUS_35.75_-84.25,35.75,-84.25,35.9
976,CONUS_35.75_-83.75,35.75,-83.75,325.2
977,CONUS_35.75_-83.25,35.75,-83.25,414.3
978,CONUS_35.75_-82.75,35.75,-82.75,195.4
979,CONUS_35.75_-82.25,35.75,-82.25,287.9
980,CONUS_35.75_-81.75,35.75,-81.75,181.9
981,CONUS_35.75_-81.25,35.75,-81.25,58.4
982,CONUS_35.75_-80.75,35.75,-80.75,27.0
983,CONUS_35.75_-80.25,35.75,-80.25,22.8
984,CONUS_35.75_-79.75,35.75,-79.75,35.7
985,CONUS_35.75_-79.25,35.75,-79.25,43.4
986,CONUS_35.75_-78.75,35.75,-78.75,19.7
987,CONUS_35.75_-78.25,35.75,-78.25,20.1
988,CONUS_35.75_-77.75,35.75,-77.75,11.4
989,CONUS_35.75_-77.25,35.75,-77.25,5.9
990,CONUS_35.75_-76.75,35.75,-76.75,4.2
991,CONUS_35.75_-76.25,35.75,-76.25,1.3
992,CONUS_35.75_-75.75,35.75,-75.75,1.0
993,CONUS_35.25_-111.75,35.25,-111.75,225.4
994,CONUS_35.25_-93.75,35.25,-93.75,103.4
995,CONUS_35.25_-93.25,35.25,-93.25,61.3
996,CONUS_35.25_-92.75,35.25,-92.75,65.7
997,CONUS_35.25_-92.25,35.25,-92.25,53.1
998,CONUS_35.25_-91.75,35.25,-91.75,48.8
999,CONUS_35.25_-91.25,35.25,-91.25,15.1
1000,CONUS_35.25_-90.75,35.25,-90.75,15.4
1001,CONUS_35.25_-90.25,35.25,-90.25,7.4
1002,CONUS_35.25_-89.75,35.25,-89.75,14.7
1003,CONUS_35.25_-89.25,35.25,-89.25,24.2
1004,CONUS_35.25_-88.75,35.25,-88.75,17.9
1005,CONUS_35.25_-88.25,35.25,-88.25,27.6
1006,CONUS_35.25_-87.75,35.25,-87.75,40.6
1007,CONUS_35.25_-87.25,35.25,-87.25,29.0
1008,CONUS_35.25_-86.75,35.25,-86.75,35.7
1009,CONUS_35.25_-86.25,35.25,-86.25,63.0
1010,CONUS_35.25_-85.75,35.25,-85.75,135.3
1011,CONUS_35.25_-85.25,35.25,-85.25,143.3
1012,CONUS_35.25_-84.75,35.25,-84.75,84.9
1013,CONUS_35.25_-84.25,35.25,-84.25,223.3
1014,CONUS_35.25_-83.75,35.25,-83.75,252.3
1015,CONUS_35.25_-83.25,35.25,-83.25,237.3
1016,CONUS_35.25_-82.75,35.25,-82.75,300.9
1017,CONUS_35.25_-82.25,35.25,-82.25,199.0
1018,CONUS_35.25_-81.75,35.25,-81.75,45.7
1019,CONUS_35.25_-81.25,35.25,-81.25,33.6
1020,CONUS_35.25_-80.75,35.25,-80.75,22.4
1021,CONUS_35.25_-80.25,35.25,-80.25,43.2
1022,CONUS_35.25_-79.75,35.25,-79.75,39.1
1023,CONUS_35.25_-79.25,35.25,-79.25,22.9
1024,CONUS_35.25_-78.75,35.25,-78.75,19.8
1025,CONUS_35.25_-78.25,35.25,-78.25,10.0
1026,CONUS_35.25_-77.75,35.25,-77.75,9.8
1027,CONUS_35.25_-77.25,35.25,-77.25,4.5
1028,CONUS_35.25_-76.75,35.25,-76.75,3.7
1029,CONUS_34.75_-119.75,34.75,-119.75,353.5
1030,CONUS_34.75_-111.25,34.75,-111.25,152.8
1031,CONUS_34.75_-95.25,34.75,-95.25,86.0
1032,CONUS_34.75_-94.75,34.75,-94.75,120.7
1033,CONUS_34.75_-94.25,34.75,-94.25,107.3
1034,CONUS_34.75_-93.75,34.75,-93.75,95.7
1035,CONUS_34.75_-93.25,34.75,-93.25,78.1
1036,CONUS_34.75_-92.75,34.75,-92.75,66.2
1037,CONUS_34.75_-92.25,34.75,-92.25,26.1
1038,CONUS_34.75_-91.75,34.75,-91.75,6.9
1039,CONUS_34.75_-91.25,34.75,-91.25,4.7
1040,CONUS_34.75_-90.75,34.75,-90.75,10.2
1041,CONUS_34.75_-90.25,34.75,-90.25,15.0
1042,CONUS_34.75_-89.75,34.75,-89.75,21.7
1043,CONUS_34.75_-89.25,34.75,-89.25,26.1
1044,CONUS_34.75_-88.75,34.75,-88.75,19.4
1045,CONUS_34.75_-88.25,34.75,-88.25,25.3
1046,CONUS_34.75_-87.75,34.75,-87.75,33.3
1047,CONUS_34.75_-87.25,34.75,-87.25,21.7
1048,CONUS_34.75_-86.75,34.75,-86.75,41.6
1049,CONUS_34.75_-86.25,34.75,-86.25,106.5
1050,CONUS_34.75_-85.75,34.75,-85.75,109.1
1051,CONUS_34.75_-85.25,34.75,-85.25,98.7
1052,CONUS_34.75_-84.75,34.75,-84.75,188.2
1053,CONUS_34.75_-84.25,34.75,-84.25,136.7
1054,CONUS_34.75_-83.75,34.75,-83.75,190.7
1055,CONUS_34.75_-83.25,34.75,-83.25,201.5
1056,CONUS_34.75_-82.75,34.75,-82.75,50.5
1057,CONUS_34.75_-82.25,34.75,-82.25,36.6
1058,CONUS_34.75_-81.75,34.75,-81.75,30.6
1059,CONUS_34.75_-81.25,34.75,-81.25,25.9
1060,CONUS_34.75_-80.75,34.75,-80.75,26.7
1061,CONUS_34.75_-80.25,34.75,-80.25,33.4
1062,CONUS_34.75_-79.75,34.75,-79.75,26.4
1063,CONUS_34.75_-79.25,34.75,-79.25,15.3
1064,CONUS_34.75_-78.75,34.75,-78.75,9.6
1065,CONUS_34.75_-78.25,34.75,-78.25,9.4
1066,CONUS_34.75_-77.75,34.75,-77.75,6.7
1067,CONUS_34.75_-77.25,34.75,-77.25,5.1
1068,CONUS_34.75_-76.75,34.75,-76.75,3.2
1069,CONUS_34.25_-117.75,34.25,-117.75,669.0
1070,CONUS_34.25_-117.25,34.25,-117.25,473.5
1071,CONUS_34.25_-111.25,34.25,-111.25,376.0
1072,CONUS_34.25_-110.75,34.25,-110.75,222.7
1073,CONUS_34.25_-110.25,34.25,-110.25,123.3
1074,CONUS_34.25_-109.75,34.25,-109.75,283.5
1075,CONUS_34.25_-95.25,34.25,-95.25,66.0
1076,CONUS_34.25_-94.75,34.25,-94.75,74.8
1077,CONUS_34.25_-94.25,34.25,-94.25,101.8
1078,CONUS_34.25_-93.75,34.25,-93.75,90.6
1079,CONUS_34.25_-93.25,34.25,-93.25,54.4
1080,CONUS_34.25_-92.75,34.25,-92.75,30.0
1081,CONUS_34.25_-92.25,34.25,-92.25,15.0
1082,CONUS_34.25_-91.75,34.25,-91.75,5.7
1083,CONUS_34.25_-91.25,34.25,-91.25,6.2
1084,CONUS_34.25_-90.75,34.25,-90.75,3.2
1085,CONUS_34.25_-90.25,34.25,-90.25,15.1
1086,CONUS_34.25_-89.75,34.25,-89.75,20.1
1087,CONUS_34.25_-89.25,34.25,-89.25,19.3
1088,CONUS_34.25_-88.75,34.25,-88.75,22.3
1089,CONUS_34.25_-88.25,34.25,-88.25,36.4
1090,CONUS_34.25_-87.75,34.25,-87.75,40.6
1091,CONUS_34.25_-87.25,34.25,-87.25,32.7
1092,CONUS_34.25_-86.75,34.25,-86.75,48.0
1093,CONUS_34.25_-86.25,34.25,-86.25,52.3
1094,CONUS_34.25_-85.75,34.25,-85.75,86.7
1095,CONUS_34.25_-85.25,34.25,-85.25,44.4
1096,CONUS_34.25_-84.75,34.25,-84.75,58.1
1097,CONUS_34.25_-84.25,34.25,-84.25,56.4
1098,CONUS_34.25_-83.75,34.25,-83.75,55.1
1099,CONUS_34.25_-83.25,34.25,-83.25,29.9
1100,CONUS_34.25_-82.75,34.25,-82.75,32.9
1101,CONUS_34.25_-82.25,34.25,-82.25,28.1
1102,CONUS_34.25_-81.75,34.25,-81.75,20.4
1103,CONUS_34.25_-81.25,34.25,-81.25,24.2
1104,CONUS_34.25_-80.75,34.25,-80.75,31.1
1105,CONUS_34.25_-80.25,34.25,-80.25,23.0
1106,CONUS_34.25_-79.75,34.25,-79.75,13.2
1107,CONUS_34.25_-79.25,34.25,-79.25,8.5
1108,CONUS_34.25_-78.75,34.25,-78.75,8.6
1109,CONUS_34.25_-78.25,34.25,-78.25,5.4
1110,CONUS_33.75_-109.75,33.75,-109.75,387.3
1111,CONUS_33.75_-109.25,33.75,-109.25,287.3
1112,CONUS_33.75_-95.25,33.75,-95.25,16.2
1113,CONUS_33.75_-94.75,33.75,-94.75,12.7
1114,CONUS_33.75_-94.25,33.75,-94.25,16.7
1115,CONUS_33.75_-93.75,33.75,-93.75,20.3
1116,CONUS_33.75_-93.25,33.75,-93.25,18.0
1117,CONUS_33.75_-92.75,33.75,-92.75,20.9
1118,CONUS_33.75_-92.25,33.75,-92.25,14.2
1119,CONUS_33.75_-91.75,33.75,-91.75,16.5
1120,CONUS_33.75_-91.25,33.75,-91.25,2.9
1121,CONUS_33.75_-90.75,33.75,-90.75,2.9
1122,CONUS_33.75_-90.25,33.75,-90.25,13.9
1123,CONUS_33.75_-89.75,33.75,-89.75,21.0
1124,CONUS_33.75_-89.25,33.75,-89.25,23.0
1125,CONUS_33.75_-88.75,33.75,-88.75,16.8
1126,CONUS_33.75_-88.25,33.75,-88.25,27.8
1127,CONUS_33.75_-87.75,33.75,-87.75,28.6
1128,CONUS_33.75_-87.25,33.75,-87.25,24.2
1129,CONUS_33.75_-86.75,33.75,-86.75,56.0
1130,CONUS_33.75_-86.25,33.75,-86.25,59.8
1131,CONUS_33.75_-85.75,33.75,-85.75,70.0
1132,CONUS_33.75_-85.25,33.75,-85.25,37.0
1133,CONUS_33.75_-84.75,33.75,-84.75,37.8
1134,CONUS_33.75_-84.25,33.75,-84.25,29.6
1135,CONUS_33.75_-83.75,33.75,-83.75,33.4
1136,CONUS_33.75_-83.25,33.75,-83.25,26.3
1137,CONUS_33.75_-82.75,33.75,-82.75,22.1
1138,CONUS_33.75_-82.25,33.75,-82.25,24.2
1139,CONUS_33.75_-81.75,33.75,-81.75,27.6
1140,CONUS_33.75_-81.25,33.75,-81.25,30.1
1141,CONUS_33.75_-80.75,33.75,-80.75,24.5
1142,CONUS_33.75_-80.25,33.75,-80.25,12.4
1143,CONUS_33.75_-79.75,33.75,-79.75,6.3
1144,CONUS_33.75_-79.25,33.75,-79.25,5.8
1145,CONUS_33.25_-108.75,33.25,-108.75,433.8
1146,CONUS_33.25_-105.75,33.25,-105.75,339.3
1147,CONUS_33.25_-95.75,33.25,-95.75,15.6
1148,CONUS_33.25_-95.25,33.25,-95.25,19.5
1149,CONUS_33.25_-94.75,33.25,-94.75,16.7
1150,CONUS_33.25_-94.25,33.25,-94.25,16.4
1151,CONUS_33.25_-93.75,33.25,-93.75,13.2
1152,CONUS_33.25_-93.25,33.25,-93.25,13.8
1153,CONUS_33.25_-92.75,33.25,-92.75,15.7
1154,CONUS_33.25_-92.25,33.25,-92.25,14.9
1155,CONUS_33.25_-91.75,33.25,-91.75,11.7
1156,CONUS_33.25_-91.25,33.25,-91.25,3.1
1157,CONUS_33.25_-90.75,33.25,-90.75,2.1
1158,CONUS_33.25_-90.25,33.25,-90.25,26.8
1159,CONUS_33.25_-89.75,33.25,-89.75,18.6
1160,CONUS_33.25_-89.25,33.25,-89.25,19.8
1161,CONUS_33.25_-88.75,33.25,-88.75,26.8
1162,CONUS_33.25_-88.25,33.25,-88.25,21.0
1163,CONUS_33.25_-87.75,33.25,-87.75,26.6
1164,CONUS_33.25_-87.25,33.25,-87.25,30.3
1165,CONUS_33.25_-86.75,33.25,-86.75,38.5
1166,CONUS_33.25_-86.25,33.25,-86.25,56.1
1167,CONUS_33.25_-85.75,33.25,-85.75,61.4
1168,CONUS_33.25_-85.25,33.25,-85.25,45.3
1169,CONUS_33.25_-84.75,33.25,-84.75,21.8
1170,CONUS_33.25_-84.25,33.25,-84.25,25.1
1171,CONUS_33.25_-83.75,33.25,-83.75,25.5
1172,CONUS_33.25_-83.25,33.25,-83.25,25.5
1173,CONUS_33.25_-82.75,33.25,-82.75,25.4
1174,CONUS_33.25_-82.25,33.25,-82.25,23.2
1175,CONUS_33.25_-81.75,33.25,-81.75,26.8
1176,CONUS_33.25_-81.25,33.25,-81.25,17.9
1177,CONUS_33.25_-80.75,33.25,-80.75,12.6
1178,CONUS_33.25_-80.25,33.25,-80.25,7.1
1179,CONUS_33.25_-79.75,33.25,-79.75,5.0
1180,CONUS_33.25_-79.25,33.25,-79.25,3.1
1181,CONUS_32.75_-105.75,32.75,-105.75,502.7
1182,CONUS_32.75_-95.75,32.75,-95.75,15.2
1183,CONUS_32.75_-95.25,32.75,-95.25,21.4
1184,CONUS_32.75_-94.75,32.75,-94.75,20.7
1185,CONUS_32.75_-94.25,32.75,-94.25,19.1
1186,CONUS_32.75_-93.75,32.75,-93.75,13.1
1187,CONUS_32.75_-93.25,32.75,-93.25,18.8
1188,CONUS_32.75_-92.75,32.75,-92.75,21.3
1189,CONUS_32.75_-92.25,32.75,-92.25,17.3
1190,CONUS_32.75_-91.75,32.75,-91.75,5.3
1191,CONUS_32.75_-91.25,32.75,-91.25,3.2
1192,CONUS_32.75_-90.75,32.75,-90.75,19.1
1193,CONUS_32.75_-90.25,32.75,-90.25,23.5
1194,CONUS_32.75_-89.75,32.75,-89.75,19.4
1195,CONUS_32.75_-89.25,32.75,-89.25,16.0
1196,CONUS_32.75_-88.75,32.75,-88.75,30.6
1197,CONUS_32.75_-88.25,32.75,-88.25,16.3
1198,CONUS_32.75_-87.75,32.75,-87.75,24.0
1199,CONUS_32.75_-87.25,32.75,-87.25,29.4
1200,CONUS_32.75_-86.75,32.75,-86.75,34.1
1201,CONUS_32.75_-86.25,32.75,-86.25,46.1
1202,CONUS_32.75_-85.75,32.75,-85.75,39.7
1203,CONUS_32.75_-85.25,32.75,-85.25,36.3
1204,CONUS_32.75_-84.75,32.75,-84.75,52.3
1205,CONUS_32.75_-84.25,32.75,-84.25,41.9
1206,CONUS_32.75_-83.75,32.75,-83.75,26.1
1207,CONUS_32.75_-83.25,32.75,-83.25,23.4
1208,CONUS_32.75_-82.75,32.75,-82.75,19.6
1209,CONUS_32.75_-82.25,32.75,-82.25,15.0
1210,CONUS_32.75_-81.75,32.75,-81.75,17.7
1211,CONUS_32.75_-81.25,32.75,-81.25,10.4
1212,CONUS_32.75_-80.75,32.75,-80.75,9.0
1213,CONUS_32.75_-80.25,32.75,-80.25,4.2
1214,CONUS_32.25_-95.75,32.25,-95.75,19.3
1215,CONUS_32.25_-95.25,32.25,-95.25,20.3
1216,CONUS_32.25_-94.75,32.25,-94.75,20.7
1217,CONUS_32.25_-94.25,32.25,-94.25,14.9
1218,CONUS_32.25_-93.75,32.25,-93.75,18.7
1219,CONUS_32.25_-93.25,32.25,-93.25,16.4
1220,CONUS_32.25_-92.75,32.25,-92.75,17.2
1221,CONUS_32.25_-92.25,32.25,-92.25,20.0
1222,CONUS_32.25_-91.75,32.25,-91.75,3.4
1223,CONUS_32.25_-91.25,32.25,-91.25,5.2
1224,CONUS_32.25_-90.75,32.25,-90.75,23.0
1225,CONUS_32.25_-90.25,32.25,-90.25,16.2
1226,CONUS_32.25_-89.75,32.25,-89.75,15.5
1227,CONUS_32.25_-89.25,32.25,-89.25,16.8
1228,CONUS_32.25_-88.75,32.25,-88.75,24.0
1229,CONUS_32.25_-88.25,32.25,-88.25,34.5
1230,CONUS_32.25_-87.75,32.25,-87.75,19.5
1231,CONUS_32.25_-87.25,32.25,-87.25,16.0
1232,CONUS_32.25_-86.75,32.25,-86.75,24.1
1233,CONUS_32.25_-86.25,32.25,-86.25,28.6
1234,CONUS_32.25_-85.75,32.25,-85.75,32.3
1235,CONUS_32.25_-85.25,32.25,-85.25,25.0
1236,CONUS_32.25_-84.75,32.25,-84.75,35.8
1237,CONUS_32.25_-84.25,32.25,-84.25,28.7
1238,CONUS_32.25_-83.75,32.25,-83.75,16.3
1239,CONUS_32.25_-83.25,32.25,-83.25,15.8
1240,CONUS_32.25_-82.75,32.25,-82.75,17.6
1241,CONUS_32.25_-82.25,32.25,-82.25,13.1
1242,CONUS_32.25_-81.75,32.25,-81.75,15.3
1243,CONUS_32.25_-81.25,32.25,-81.25,9.9
1244,CONUS_32.25_-80.75,32.25,-80.75,3.1
1245,CONUS_31.75_-96.25,31.75,-96.25,22.7
1246,CONUS_31.75_-95.75,31.75,-95.75,28.5
1247,CONUS_31.75_-95.25,31.75,-95.25,29.6
1248,CONUS_31.75_-94.75,31.75,-94.75,25.5
1249,CONUS_31.75_-94.25,31.75,-94.25,21.0
1250,CONUS_31.75_-93.75,31.75,-93.75,18.0
1251,CONUS_31.75_-93.25,31.75,-93.25,24.4
1252,CONUS_31.75_-92.75,31.75,-92.75,14.6
1253,CONUS_31.75_-92.25,31.75,-92.25,16.3
1254,CONUS_31.75_-91.75,31.75,-91.75,12.0
1255,CONUS_31.75_-91.25,31.75,-91.25,33.2
1256,CONUS_31.75_-90.75,31.75,-90.75,31.1
1257,CONUS_31.75_-90.25,31.75,-90.25,24.8
1258,CONUS_31.75_-89.75,31.75,-89.75,28.0
1259,CONUS_31.75_-89.25,31.75,-89.25,23.0
1260,CONUS_31.75_-88.75,31.75,-88.75,19.8
1261,CONUS_31.75_-88.25,31.75,-88.25,24.6
1262,CONUS_31.75_-87.75,31.75,-87.75,31.2
1263,CONUS_31.75_-87.25,31.75,-87.25,32.9
1264,CONUS_31.75_-86.75,31.75,-86.75,21.5
1265,CONUS_31.75_-86.25,31.75,-86.25,21.0
1266,CONUS_31.75_-85.75,31.75,-85.75,20.0
1267,CONUS_31.75_-85.25,31.75,-85.25,28.6
1268,CONUS_31.75_-84.75,31.75,-84.75,24.7
1269,CONUS_31.75_-84.25,31.75,-84.25,20.2
1270,CONUS_31.75_-83.75,31.75,-83.75,15.8
1271,CONUS_31.75_-83.25,31.75,-83.25,18.7
1272,CONUS_31.75_-82.75,31.75,-82.75,15.8
1273,CONUS_31.75_-82.25,31.75,-82.25,13.1
1274,CONUS_31.75_-81.75,31.75,-81.75,11.8
1275,CONUS_31.25_-96.25,31.25,-96.25,17.7
1276,CONUS_31.25_-95.75,31.25,-95.75,22.3
1277,CONUS_31.25_-95.25,31.25,-95.25,19.4
1278,CONUS_31.25_-94.75,31.25,-94.75,16.6
1279,CONUS_31.25_-94.25,31.25,-94.25,19.6
1280,CONUS_31.25_-93.75,31.25,-93.75,28.4
1281,CONUS_31.25_-93.25,31.25,-93.25,17.6
1282,CONUS_31.25_-92.75,31.25,-92.75,19.3
1283,CONUS_31.25_-92.25,31.25,-92.25,11.7
1284,CONUS_31.25_-91.75,31.25,-91.75,9.9
1285,CONUS_31.25_-91.25,31.25,-91.25,30.0
1286,CONUS_31.25_-90.75,31.25,-90.75,21.4
1287,CONUS_31.25_-90.25,31.25,-90.25,20.2
1288,CONUS_31.25_-89.75,31.25,-89.75,26.3
1289,CONUS_31.25_-89.25,31.25,-89.25,21.8
1290,CONUS_31.25_-88.75,31.25,-88.75,21.0
1291,CONUS_31.25_-88.25,31.25,-88.25,21.3
1292,CONUS_31.25_-87.75,31.25,-87.75,30.4
1293,CONUS_31.25_-87.25,31.25,-87.25,24.2
1294,CONUS_31.25_-86.75,31.25,-86.75,18.1
1295,CONUS_31.25_-86.25,31.25,-86.25,21.9
1296,CONUS_31.25_-85.75,31.25,-85.75,21.8
1297,CONUS_31.25_-85.25,31.25,-85.25,22.5
1298,CONUS_31.25_-84.75,31.25,-84.75,13.9
1299,CONUS_31.25_-84.25,31.25,-84.25,19.8
1300,CONUS_31.25_-83.75,31.25,-83.75,16.7
1301,CONUS_31.25_-83.25,31.25,-83.25,11.9
1302,CONUS_31.25_-82.75,31.25,-82.75,11.5
1303,CONUS_31.25_-82.25,31.25,-82.25,11.1
1304,CONUS_31.25_-81.75,31.25,-81.75,7.3
1305,CONUS_30.75_-96.75,30.75,-96.75,24.2
1306,CONUS_30.75_-96.25,30.75,-96.25,18.6
1307,CONUS_30.75_-95.75,30.75,-95.75,20.0
1308,CONUS_30.75_-95.25,30.75,-95.25,25.2
1309,CONUS_30.75_-94.75,30.75,-94.75,25.9
1310,CONUS_30.75_-94.25,30.75,-94.25,25.5
1311,CONUS_30.75_-93.75,30.75,-93.75,24.8
1312,CONUS_30.75_-93.25,30.75,-93.25,15.2
1313,CONUS_30.75_-92.75,30.75,-92.75,12.7
1314,CONUS_30.75_-92.25,30.75,-92.25,6.4
1315,CONUS_30.75_-91.75,30.75,-91.75,8.0
1316,CONUS_30.75_-91.25,30.75,-91.25,26.1
1317,CONUS_30.75_-90.75,30.75,-90.75,25.6
1318,CONUS_30.75_-90.25,30.75,-90.25,25.0
1319,CONUS_30.75_-89.75,30.75,-89.75,25.1
1320,CONUS_30.75_-89.25,30.75,-89.25,21.2
1321,CONUS_30.75_-88.75,30.75,-88.75,20.5
1322,CONUS_30.75_-88.25,30.75,-88.25,23.2
1323,CONUS_30.75_-87.75,30.75,-87.75,23.0
1324,CONUS_30.75_-87.25,30.75,-87.25,23.1
1325,CONUS_30.75_-86.75,30.75,-86.75,17.0
1326,CONUS_30.75_-86.25,30.75,-86.25,19.7
1327,CONUS_30.75_-85.75,30.75,-85.75,14.1
1328,CONUS_30.75_-85.25,30.75,-85.25,14.4
1329,CONUS_30.75_-84.75,30.75,-84.75,22.7
1330,CONUS_30.75_-84.25,30.75,-84.25,19.2
1331,CONUS_30.75_-83.75,30.75,-83.75,17.4
1332,CONUS_30.75_-83.25,30.75,-83.25,13.4
1333,CONUS_30.75_-82.75,30.75,-82.75,7.9
1334,CONUS_30.75_-82.25,30.75,-82.25,7.1
1335,CONUS_30.75_-81.75,30.75,-81.75,7.0
1336,CONUS_30.25_-97.75,30.25,-97.75,50.9
1337,CONUS_30.25_-97.25,30.25,-97.25,20.8
1338,CONUS_30.25_-96.75,30.25,-96.75,20.5
1339,CONUS_30.25_-96.25,30.25,-96.25,19.4
1340,CONUS_30.25_-95.75,30.25,-95.75,20.2
1341,CONUS_30.25_-95.25,30.25,-95.25,22.5
1342,CONUS_30.25_-94.75,30.25,-94.75,10.6
1343,CONUS_30.25_-94.25,30.25,-94.25,8.2
1344,CONUS_30.25_-93.75,30.25,-93.75,7.3
1345,CONUS_30.25_-93.25,30.25,-93.25,5.4
1346,CONUS_30.25_-92.75,30.25,-92.75,4.1
1347,CONUS_30.25_-92.25,30.25,-92.25,4.0
1348,CONUS_30.25_-91.75,30.25,-91.75,2.5
1349,CONUS_30.25_-91.25,30.25,-91.25,3.8
1350,CONUS_30.25_-90.75,30.25,-90.75,3.2
1351,CONUS_30.25_-89.75,30.25,-89.75,5.3
1352,CONUS_30.25_-88.75,30.25,-88.75,4.5
1353,CONUS_30.25_-88.25,30.25,-88.25,9.2
1354,CONUS_30.25_-87.75,30.25,-87.75,12.2
1355,CONUS_30.25_-85.25,30.25,-85.25,12.7
1356,CONUS_30.25_-84.75,30.25,-84.75,13.7
1357,CONUS_30.25_-84.25,30.25,-84.25,13.9
1358,CONUS_30.25_-83.75,30.25,-83.75,12.4
1359,CONUS_30.25_-83.25,30.25,-83.25,7.5
1360,CONUS_30.25_-82.75,30.25,-82.75,9.7
1361,CONUS_30.25_-82.25,30.25,-82.25,8.4
1362,CONUS_30.25_-81.75,30.25,-81.75,9.5
1363,CONUS_29.75_-99.75,29.75,-99.75,88.4
1364,CONUS_29.75_-98.25,29.75,-98.25,65.6
1365,CONUS_29.75_-97.75,29.75,-97.75,31.4
1366,CONUS_29.75_-97.25,29.75,-97.25,24.0
1367,CONUS_29.75_-96.75,29.75,-96.75,18.6
1368,CONUS_29.75_-94.25,29.75,-94.25,3.2
1369,CONUS_29.75_-93.75,29.75,-93.75,0.8
1370,CONUS_29.75_-92.75,29.75,-92.75,0.4
1371,CONUS_29.75_-92.25,29.75,-92.25,1.1
1372,CONUS_29.75_-91.75,29.75,-91.75,1.9
1373,CONUS_29.75_-91.25,29.75,-91.25,0.8
1374,CONUS_29.75_-90.75,29.75,-90.75,0.9
1375,CONUS_29.75_-90.25,29.75,-90.25,0.8
1376,CONUS_29.75_-89.75,29.75,-89.75,0.8
1377,CONUS_29.75_-85.25,29.75,-85.25,1.7
1378,CONUS_29.75_-83.25,29.75,-83.25,6.1
1379,CONUS_29.75_-82.75,29.75,-82.75,8.3
1380,CONUS_29.75_-82.25,29.75,-82.25,10.8
1381,CONUS_29.75_-81.75,29.75,-81.75,15.4
1382,CONUS_29.75_-81.25,29.75,-81.25,3.1
1383,CONUS_29.25_-97.75,29.25,-97.75,29.1
1384,CONUS_29.25_-96.75,29.25,-96.75,17.8
1385,CONUS_29.25_-91.25,29.25,-91.25,0.0
1386,CONUS_29.25_-90.75,29.25,-90.75,0.1
1387,CONUS_29.25_-90.25,29.25,-90.25,0.1
1388,CONUS_29.25_-89.25,29.25,-89.25,0.5
1389,CONUS_29.25_-82.75,29.25,-82.75,9.2
1390,CONUS_29.25_-82.25,29.25,-82.25,7.9
1391,CONUS_29.25_-81.75,29.25,-81.75,11.3
1392,CONUS_29.25_-81.25,29.25,-81.25,5.0
1393,CONUS_28.75_-97.25,28.75,-97.25,24.2
1394,CONUS_28.75_-96.75,28.75,-96.75,9.0
1395,CONUS_28.75_-95.75,28.75,-95.75,3.7
1396,CONUS_28.75_-82.25,28.75,-82.25,8.1
1397,CONUS_28.75_-81.75,28.75,-81.75,8.0
1398,CONUS_28.75_-81.25,28.75,-81.25,9.7
1399,CONUS_28.75_-80.75,28.75,-80.75,2.8
1400,CONUS_28.25_-82.25,28.25,-82.25,10.3
1401,CONUS_28.25_-81.75,28.25,-81.75,7.5
1402,CONUS_28.25_-81.25,28.25,-81.25,4.0
1403,CONUS_28.25_-80.75,28.25,-80.75,4.5
1404,CONUS_27.75_-82.25,27.75,-82.25,13.4
1405,CONUS_27.75_-81.75,27.75,-81.75,9.2
1406,CONUS_27.75_-81.25,27.75,-81.25,6.0
1407,CONUS_27.75_-80.75,27.75,-80.75,6.2
1408,CONUS_27.25_-82.25,27.25,-82.25,7.6
1409,CONUS_27.25_-81.75,27.25,-81.75,7.0
1410,CONUS_27.25_-81.25,27.25,-81.25,10.5
1411,CONUS_27.25_-80.75,27.25,-80.75,4.4
1412,CONUS_27.25_-80.25,27.25,-80.25,2.6
1413,CONUS_26.75_-81.75,26.75,-81.75,4.5
1414,CONUS_26.75_-81.25,26.75,-81.25,3.5
1415,CONUS_26.75_-80.75,26.75,-80.75,0.8
1416,CONUS_26.75_-80.25,26.75,-80.25,1.4
1417,CONUS_26.25_-81.75,26.25,-81.75,2.0
1418,CONUS_26.25_-81.25,26.25,-81.25,2.0
1419,CONUS_26.25_-80.75,26.25,-80.75,0.6
1420,CONUS_26.25_-80.25,26.25,-80.25,0.9
1421,CONUS_25.75_-81.25,25.75,-81.25,1.1
1422,CONUS_25.75_-80.75,25.75,-80.75,0.8
1423,CONUS_25.25_-80.75,25.25,-80.75,0.6
