Group,Genus,Individual,Scientific name,Common name,AGEmax,DBHmax,Hmax,s,g,bulk,D_L,L_C,DEGDmin,DEGDoptimum,DEGDmax,l,d,f,n,fire,stress,old,evergreen,invader,seed,sprout,NDE,NDS,Species_code
1,Acer',1,Acer_rubrum',Red_maple',150,151,41,0.72,2.395,0.49,0.15,0.316,988,4206,7424,2,2,1,1,1,3,3,0,1,10,1,0.31,0.78,ACERrubr
1,Acer',2,Acer_saccharum',Sugar_maple',300,219,58,0.71,1.676,0.56,0.15,0.316,828,2451,4074,2,5,3,2,3,4,3,0,1,10,1,0.31,0.78,ACERsacc
1,Acer',3,Acer_negundo',Boxelder',75,91,18,0.37,3.000,0.44,0.15,0.316,1323,3161,4999,3,3,1,2,2,3,3,0,1,10,1,0.31,0.78,ACERnegu
1,Acer',4,Acer_pensylvanicum',Striped_maple',100,20,12,1.06,3.000,0.44,0.15,0.316,828,2030,3233,1,4,4,2,2,3,3,0,0.01,1,1,0.31,0.78,ACERpens
1,Acer',5,Acer_spicatum',Mountain_maple',60,20,9,0.76,3.000,0.47,0.15,0.316,388,1551,2712,1,4,3,2,2,3,3,0,0.01,1,1,0.31,0.78,ACERspic
1,Acer',6,Acer_macrophyllum',Bigleaf_maple',200,152,37,0.47,3.000,0.44,0.15,0.316,1323,2546,3769,2,3,3,2,2,3,3,0,0.1,10,1,0.31,0.78,ACERmacr
1,Acer',7,Acer_circinatum',Vine_maple',100,30,12,0.71,3.000,0.44,0.15,0.316,828,2030,3233,1,3,3,2,2,3,3,0,0.01,1,1,0.31,0.78,ACERcirc
1,Acer',8,Acer_glabrum',Rocky_Mountain_maple',100,20,9,0.76,2.571,0.50,0.15,0.316,388,1551,2712,2,3,4,2,2,3,3,0,0.01,1,1,0.31,0.78,ACERglab
1,Acer',9,Acer_nigrum',Black_maple',200,122,37,0.58,3.000,0.52,0.15,0.316,828,2451,4074,2,4,4,2,2,3,3,0,0.01,10,1,0.31,0.78,ACERnigr
1,Acer',10,Acer_platanoides',Norway_maple',150,91,30,0.63,3.000,0.53,0.15,0.316,828,2451,4074,1,3,4,2,2,3,3,0,1,10,0,0.31,0.78,ACERplat
2,Aesculus',1,Aesculus_octandra',Yellow_buckeye',100,216,63,0.70,2.424,0.33,0.15,0.316,3052,3563,4074,2,5,4,3,2,4,3,0,0.01,1,1,0.31,0.78,AESCocta
2,Aesculus',2,Aesculus_glabra',Ohio_buckeye',100,91,21,0.43,3.000,0.36,0.15,0.316,2030,3563,5096,3,4,3,3,2,4,3,0,0.01,1,1,0.31,0.78,AESCglab
3,Carya',1,Carya_cordiformis',Bitternut_hickory',200,122,52,1.16,2.222,0.6,0.15,0.316,2030,3634,5238,3,3,5,2,2,3,1,0,0.01,1,1,0.31,0.78,CARYcord
3,Carya',2,Carya_glabra',Pignut_hickory',300,148,38,0.73,1.108,0.66,0.15,0.316,2030,4521,7011,3,4,6,2,3,3,2,0,0.01,1,1,0.31,0.78,CARYglab
3,Carya',3,Carya_ovata',Shagbark_hickory',300,112,40,0.90,1.161,0.64,0.15,0.316,2030,4047,6064,3,4,6,2,3,4,2,0,0.01,1,1,0.31,0.78,CARYovat
3,Carya',4,Carya_tomentosa',Mockernut_hickory',300,130,33,0.69,0.981,0.64,0.15,0.316,2263,4637,7011,4,4,6,2,3,3,2,0,0.01,1,1,0.31,0.78,CARYtome
3,Carya',5,Carya_aquatica',Water_hickory',200,61,30,0.94,3.000,0.58,0.15,0.316,3052,4558,6064,3,5,1,2,2,3,1,0,0.01,1,1,0.31,0.78,CARYaqua
3,Carya',6,Carya_illinoinensis',Pecan',300,183,46,0.49,3.000,0.60,0.15,0.316,3052,4558,6064,4,3,2,2,2,3,1,0,0.01,1,1,0.31,0.78,CARYilli
3,Carya',7,Carya_laciniosa',Shellbark_hickory',300,91,37,0.78,3.000,0.62,0.15,0.316,2030,3634,5238,3,4,2,2,2,3,1,0,0.01,1,1,0.31,0.78,CARYlaci
3,Carya',8,Carya_myristiciformis',Nutmeg_hickory',200,61,24,0.74,3.000,0.60,0.15,0.316,3052,4558,6064,2,4,3,2,2,3,1,0,0.01,1,1,0.31,0.78,CARYmyri
3,Carya',9,Carya_pallida',Sand_hickory',200,61,24,0.74,3.000,0.62,0.15,0.316,2263,3878,5493,4,2,5,1,2,3,1,0,0.01,1,1,0.31,0.78,CARYpall
3,Carya',10,Carya_texana',Black_hickory',200,61,24,0.74,3.000,0.64,0.15,0.316,2263,3878,5493,4,1,5,1,2,3,1,0,0.01,1,1,0.31,0.78,CARYtexa
4,Cercis',1,Cercis_canadensis',Eastern_redbud',100,31,11,0.94,0.874,0.65,0.15,0.316,2030,3634,5238,1,2,6,2,3,3,3,0,0.01,1,1,0.1,0.31,CERCcana
5,Comus',1,Cornus_florida',Flowering_dogwood',100,38,9,0.61,0.887,0.64,0.15,0.316,2030,4047,6064,1,5,6,2,4,4,3,0,0.01,1,1,0.1,0.31,CORNflor
6,Diospyros',1,Diospyros_virginiana',Common_persimmon',150,213,40,0.50,2.317,0.67,0.15,0.316,3052,5238,7424,1,4,2,2,3,3,3,0,0.01,1,0,0.31,0.78,DIOSvirg
7,Fagus',1,Fagus_grandifolia',American_beech',400,153,37,0.63,0.804,0.56,0.15,0.316,1147,3399,5651,1,4,1,2,5,4,1,0,0.01,10,1,0.31,0.31,FAGUgran
8,Fraxinus',1,Fraxinus_americana',White_ash',300,215,38,0.58,1.126,0.55,0.15,0.316,1323,3694,6064,4,3,4,3,3,4,3,0,1,10,1,0.31,0.78,FRAXamer
8,Fraxinus',2,Fraxinus_nigra',Black_ash',250,61,21,0.64,3.000,0.45,0.15,0.316,388,1961,3533,2,4,1,2,3,4,3,0,0.01,10,0,0.31,0.78,FRAXnigr
8,Fraxinus',3,Fraxinus_pennsylvanica',Green_ash',200,91,24,0.50,3.000,0.53,0.15,0.316,1323,3634,5945,3,3,1,2,3,4,3,0,1,10,0,0.31,0.78,FRAXpenn
8,Fraxinus',4,Fraxinus_quadrangulata',Blue_ash',200,91,24,0.50,3.000,0.53,0.15,0.316,2030,3161,4291,4,2,4,2,3,4,3,0,0.01,10,0,0.31,0.78,FRAXquad
8,Fraxinus',5,Fraxinus_profunda',Pumpkin_ash',200,91,37,0.78,3.000,0.42,0.15,0.316,2263,3878,5493,2,4,1,2,3,4,3,0,0.01,10,0,0.31,0.78,FRAXprof
8,Fraxinus',6,Fraxinus_latifolia',Oregon_ash',250,91,24,0.50,3.000,0.50,0.15,0.316,1323,2546,3769,3,3,1,2,3,4,3,0,0.01,10,0,0.31,0.78,FRAXlati
8,Fraxinus',7,Fraxinus_velutina',Velvet_ash',150,46,12,0.46,3.000,0.53,0.15,0.316,2263,3878,5493,4,1,2,1,3,4,3,0,0.01,10,0,0.31,0.78,FRAXvelu
8,Fraxinus',8,Fraxinus_caroliniana',Carolina_ash',100,30,12,0.71,3.000,0.45,0.15,0.316,3052,4558,6064,3,4,1,2,3,4,3,0,0.01,10,0,0.31,0.78,FRAXcaro
9,Juglans',1,Juglans_nigra',Black_walnut',250,246,46,0.52,1.604,0.51,0.15,0.316,2030,3367,4704,5,4,4,3,3,5,1,0,0.01,1,1,0.31,0.31,JUGLnigr
9,Juglans',2,Juglans_cinerea',Butternut',200,91,24,0.50,3.000,0.36,0.15,0.316,828,2451,4074,4,4,3,3,3,5,1,0,0.01,1,0,0.31,0.31,JUGLcine
10,Juniperus',1,Juniperus_virginiana',Red_cedar',250,122,37,0.80,1.067,0.44,0.15,0.5,1630,3641,5651,5,2,4,1,4,3,3,1,0.01,1,0,0.56,0.78,JUNIvirg
10,Juniperus',2,Juniperus_occidentalis',Western_juniper',1000,91,18,0.37,2.812,0.47,0.15,0.5,828,2030,3233,5,1,6,1,4,3,3,1,0.01,1,0,0.56,0.78,JUNIocci
10,Juniperus',3,Juniperus_osteosperma',Utah_juniper',650,61,9,0.30,1.000,0.50,0.15,0.5,1323,2546,3769,5,1,6,1,4,3,3,1,0.01,1,0,0.56,0.78,JUNIoste
10,Juniperus',4,Juniperus_scopulorum',Rocky_Mountain_juniper',300,76,15,0.36,3.000,0.48,0.15,0.5,828,2030,3233,4,1,5,1,4,3,3,1,0.01,1,0,0.56,0.78,JUNIscop
10,Juniperus',5,Juniperus_deppeana',Alligator_juniper',500,91,18,0.37,3.000,0.51,0.15,0.5,2030,3161,4291,5,1,6,1,4,3,3,1,0.01,1,0,0.56,0.78,JUNIdepp
10,Juniperus',6,Juniperus_monosperma',One_seed_juniper',500,46,9,0.33,1.174,0.52,0.15,0.5,1630,2546,3461,5,1,6,1,4,3,3,1,0.01,1,0,0.56,0.78,JUNImono
11,Liquidambar',1,Liquidambar_styraciflua',Sweet_gum',300,145,41,0.75,1.194,0.46,0.15,0.316,3052,4558,6064,5,3,2,1,4,3,3,0,0.1,1,1,0.1,0.31,LIQUstya
12,Liriodendron',1,Liriodendron_tulipifera',Yellow_poplar',300,368,61,0.47,1.748,0.4,0.15,0.316,2030,4047,6064,5,5,6,3,6,5,3,0,1,10,1,0.56,0.93,LIRItuli
13,Nyssa',1,Nyssa_sylvatica',Black_gum',300,92,18,0.52,0.562,0.46,0.15,0.316,2030,4521,7011,1,3,4,2,4,4,3,0,0.01,1,1,0.31,0.78,NYSSsylv
13,Nyssa',2,Nyssa_aquatica',Water_tupelo',200,107,30,0.54,3.000,0.46,0.15,0.316,3052,4558,6064,2,4,1,2,4,4,3,0,0.01,1,1,0.31,0.78,NYSSaqua
13,Nyssa',3,Nyssa_ogeche',Ogeechee_tupelo',150,46,18,0.72,3.000,0.46,0.15,0.316,3634,5238,6842,2,4,1,2,4,4,3,0,0.01,1,1,0.31,0.78,NYSSogec
14,Oxydendron',1,Oxydendron_arboreum',Sourwood',200,30,15,1.32,0.669,0.5,0.15,0.316,3052,3878,4704,3,4,6,2,4,4,3,0,1,100,1,0.56,0.78,OXYDarbo
15,Pinus',1,Pinus_echinata',Shortleat_pine',300,122,45,1.10,1.279,0.47,0.15,0.5,3052,4145,5238,5,2,6,1,1,2,2,1,0.01,1,1,0.56,0.93,PINUechi
15,Pinus',2,Pinus_strobus',White_pine',400,183,67,1.00,1.429,0.34,0.15,0.5,388,1961,3533,3,2,6,1,2,2,1,1,0.01,1,1,0.56,0.93,PINUstro
15,Pinus',3,Pinus_virginiana',Virginia_pine',300,91,37,1.12,1.056,0.45,0.15,0.5,3052,3563,4074,5,2,6,1,3,2,2,1,0.01,1,1,0.56,0.93,PINUvirg
15,Pinus',4,Pinus_banksiana',Jack_pine',150,61,21,0.64,3.000,0.42,0.15,0.5,388,1551,2712,5,2,6,1,2,2,1,1,0.1,10,0,0.56,0.93,PINUbank
15,Pinus',5,Pinus_palustris',Longleaf_pine',400,76,37,0.94,3.000,0.54,0.15,0.5,3052,4558,6064,5,2,6,1,2,2,1,1,0.01,1,0,0.56,0.93,PINUpalu
15,Pinus',6,Pinus_pungens',Table_Mountain_pine',200,61,18,0.55,3.000,0.46,0.15,0.5,2030,3161,4291,5,1,6,1,2,2,1,1,0.01,1,0,0.56,0.93,PINUpung
15,Pinus',7,Pinus_resinosa',Red_pine',350,76,35,0.89,3.000,0.39,0.15,0.5,828,2030,3233,4,2,6,1,2,2,1,1,0.01,1,0,0.56,0.93,PINUresi
15,Pinus',8,Pinus_rigida',Pitch_pine',200,61,21,0.64,3.000,0.47,0.15,0.5,1630,3161,4704,5,2,4,1,2,2,1,1,0.1,1,1,0.56,0.93,PINUrigi
15,Pinus',9,Pinus_serotina',Pond_pine',200,61,21,0.64,3.000,0.46,0.15,0.5,3052,4558,6064,5,3,1,1,2,2,1,1,0.01,1,1,0.56,0.93,PINUsero
15,Pinus',10,Pinus_taeda',Loblolly_pine',300,137,46,0.65,3.000,0.47,0.15,0.5,3052,4558,6064,5,2,3,1,2,2,1,1,0.1,10,0,0.56,0.93,PINUtaed
15,Pinus',11,Pinus_elliottii',Slash_pine',200,91,30,0.63,3.000,0.54,0.15,0.5,3634,5238,6842,5,2,2,1,2,2,1,1,0.01,1,0,0.56,0.93,PINUelli
15,Pinus',12,Pinus_glabra',Spruce_pine',200,91,37,0.78,3.000,0.43,0.15,0.5,3634,5238,6842,2,3,3,2,2,2,1,1,0.01,1,0,0.56,0.93,PINUglab
15,Pinus',13,Pinus_ponderosa',Ponderosa_pine',600,183,55,0.59,3.000,0.40,0.15,0.5,828,2030,3233,5,1,6,1,2,2,1,1,0.01,10,0,0.56,0.93,PINUpond
15,Pinus',14,Pinus_jeffreyi',Jeffrey_pine',500,183,55,0.59,3.000,0.40,0.15,0.5,828,2030,3233,5,1,6,1,2,2,1,1,0.01,10,0,0.56,0.93,PINUjeff
15,Pinus',15,Pinus_lambertiana',Sugar_pine',500,305,70,0.45,3.000,0.36,0.15,0.5,828,2030,3233,3,2,5,2,2,2,1,1,0.01,1,0,0.56,0.93,PINUlamb
15,Pinus',16,Pinus_monticola',Western_white_pine',400,152,55,0.71,3.000,0.36,0.15,0.5,388,1551,2712,3,2,5,1,2,2,1,1,0.01,1,0,0.56,0.93,PINUmont
15,Pinus',17,Pinus_contorta',Lodgepole_pine',300,76,30,0.75,3.000,0.38,0.15,0.5,388,1200,2012,5,2,5,1,2,2,1,1,0.1,10,0,0.56,0.93,PINUcont
15,Pinus',18,Pinus_flexilis',Limber_pine',1000,122,18,0.30,1.000,0.37,0.15,0.5,388,828,1268,4,1,6,1,2,2,1,1,0.01,1,0,0.56,0.93,PINUflex
15,Pinus',19,Pinus_albicaulis',Whitebark_pine',1000,91,21,0.43,2.663,0.38,0.15,0.5,388,828,1268,4,1,6,1,2,2,1,1,0.01,1,0,0.56,0.93,PINUalbi
15,Pinus',20,Pinus_coulteri',Coulter_pine',150,91,24,0.50,3.000,0.42,0.15,0.5,1630,2546,3461,5,1,6,1,2,2,1,1,0.01,1,0,0.56,0.93,PINUcoul
15,Pinus',21,Pinus_attenuata',Knobcone_pine',100,46,24,0.98,3.000,0.40,0.15,0.5,1323,2546,3769,5,2,6,1,2,2,1,1,0.1,1,0,0.56,0.93,PINUatte
15,Pinus',22,Pinus_muricata',Bishop_pine',200,76,24,0.60,3.000,0.42,0.15,0.5,1323,2030,2737,5,2,5,1,2,2,1,1,0.01,1,0,0.56,0.93,PINUmuri
15,Pinus',23,Pinus_radiata',Monterey_pine',150,91,30,0.63,3.000,0.42,0.15,0.5,1323,2030,2737,5,2,5,1,2,2,1,1,0.1,10,0,0.56,0.93,PINUradi
15,Pinus',24,Pinus_sabiniana',Gray_pine',150,122,24,0.37,3.000,0.43,0.15,0.5,1630,2546,3461,5,1,6,1,2,2,1,1,0.01,1,0,0.56,0.93,PINUsabi
15,Pinus',25,Pinus_aristata',Rocky_Mountain_bristlecone',2000,76,15,0.36,0.864,0.47,0.15,0.5,388,828,1268,5,1,6,1,2,2,1,1,0.01,1,0,0.56,0.93,PINUaris
15,Pinus',26,Pinus_longaeva',Great_Basin_bristlecone',5000,91,18,0.37,0.562,0.50,0.15,0.5,388,828,1268,5,1,6,1,2,2,1,1,0.01,1,0,0.56,0.93,PINUlong
15,Pinus',27,Pinus_strobiformis',Southwestern_white_pine',350,76,24,0.60,3.000,0.35,0.15,0.5,828,1551,2274,3,2,5,1,2,2,1,1,0.01,1,0,0.56,0.93,PINUstrob
15,Pinus',28,Pinus_edulis',Pinyon_pine',600,46,12,0.46,1.296,0.51,0.15,0.5,1323,2546,3769,5,1,6,1,2,2,1,1,0.01,1,0,0.56,0.93,PINUedul
15,Pinus',29,Pinus_monophylla',Singleleaf_pinyon',600,46,12,0.46,1.296,0.51,0.15,0.5,1323,2546,3769,5,1,6,1,2,2,1,1,0.01,1,0,0.56,0.93,PINUmono
15,Pinus',30,Pinus_clausa',Sand_pine',100,46,18,0.72,3.000,0.46,0.15,0.5,3634,5238,6842,5,1,6,1,2,2,1,1,0.01,1,0,0.56,0.93,PINUclau
15,Pinus',31,Pinus_torreyana',Torrey_pine',200,61,18,0.55,3.000,0.42,0.15,0.5,1630,2546,3461,5,1,6,1,2,2,1,1,0.01,1,0,0.56,0.93,PINUtorr
15,Pinus',32,Pinus_washoensis',Washoe_pine',400,91,30,0.63,3.000,0.42,0.15,0.5,388,1200,2012,4,2,5,1,2,2,1,1,0.01,1,0,0.56,0.93,PINUwash
15,Pinus',33,Pinus_balfouriana',Foxtail_pine',3000,91,21,0.43,0.888,0.47,0.15,0.5,388,828,1268,5,1,6,1,2,2,1,1,0.01,1,0,0.56,0.93,PINUbalf
16,Prunus',1,Prunus_serotina',Black_cherry',250,214,39,0.50,1.386,0.45,0.15,0.316,2148,4106,6064,4,5,5,3,4,5,1,0,0.1,10,1,0.1,0.31,PRUNsero
16,Prunus',2,Prunus_pensylvanica',Pin_cherry',40,30,12,0.71,3.000,0.36,0.15,0.316,388,1961,3533,5,3,5,1,4,5,1,0,1,100,1,0.10,0.31,PRUNpens
16,Prunus',3,Prunus_virginiana',Chokecherry',50,20,9,0.76,3.000,0.47,0.15,0.316,388,1961,3533,3,2,4,1,4,5,1,0,0.1,10,1,0.10,0.31,PRUNvirg
17,Quercus',1,Quercus_alba',White_oak',400,246,46,0.54,1.003,0.47,0.15,0.316,1630,3641,5651,3,2,5,1,2,2,1,0,0.1,10,1,0.1,0.31,QUERalba
17,Quercus',2,Quercus_coccinea',Scarlet_oak',400,147,30,0.54,0.666,0.6,0.15,0.316,2263,3483,4704,5,1,6,1,2,3,2,0,0.1,10,1,0.1,0.31,QUERcocc
17,Quercus',3,Quercus_falcata',Southern_red_oak',400,215,37,0.47,0.826,0.71,0.15,0.316,3052,4558,6064,5,2,6,1,2,2,2,0,0.1,10,1,0.1,0.31,QUERfalc
17,Quercus',4,Quercus_prinus',Chestnust_oak',267,183,30,0.45,1.005,0.57,0.15,0.316,2030,3161,4291,2,1,5,1,1,1,1,0,0.1,10,1,0.1,0.31,QUERprin
17,Quercus',5,Quercus_rubra',Northern_red_oak',300,214,46,0.58,1.332,0.57,0.15,0.316,388,2546,4704,2,1,5,1,2,2,1,0,0.1,10,1,0.1,0.31,QUERrubr
17,Quercus',6,Quercus_stellata',Post_oak',400,122,31,0.67,0.676,0.56,0.15,0.316,3052,4558,6064,5,1,6,1,1,2,2,0,0.1,10,1,0.1,0.31,QUERstel
17,Quercus',7,Quercus_velutina',Black_oak',300,214,42,0.53,1.224,0.56,0.15,0.316,1823,3531,5238,3,1,5,1,1,1,1,0,0.1,10,1,0.1,0.31,QUERvelu
17,Quercus',8,Quercus_bicolor',Swamp_white_oak',300,91,21,0.43,3.000,0.64,0.15,0.316,1323,2546,3769,3,3,1,2,1,1,1,0,0.01,10,1,0.10,0.31,QUERbico
17,Quercus',9,Quercus_imbricaria',Shingle_oak',300,91,21,0.43,3.000,0.56,0.15,0.316,2030,3634,5238,3,3,3,2,1,1,1,0,0.01,10,1,0.10,0.31,QUERimbr
17,Quercus',10,Quercus_laurifolia',Laurel_oak',150,91,30,0.63,3.000,0.56,0.15,0.316,3052,4558,6064,3,3,1,2,1,1,1,0,0.1,10,1,0.10,0.31,QUERlaur
17,Quercus',11,Quercus_lyrata',Overcup_oak',400,91,30,0.63,3.000,0.63,0.15,0.316,3052,4558,6064,3,4,1,2,1,1,1,0,0.01,10,1,0.10,0.31,QUERlyra
17,Quercus',12,Quercus_macrocarpa',Bur_oak',400,183,30,0.31,3.000,0.58,0.15,0.316,1323,3161,4999,3,1,2,1,1,1,1,0,0.1,10,1,0.10,0.31,QUERmacr
17,Quercus',13,Quercus_marilandica',Blackjack_oak',150,46,15,0.59,3.000,0.64,0.15,0.316,2263,3878,5493,5,1,6,1,1,1,1,0,0.01,10,1,0.10,0.31,QUERmari
17,Quercus',14,Quercus_michauxii',Swamp_chestnut_oak',350,183,30,0.31,3.000,0.60,0.15,0.316,2263,3878,5493,3,3,1,2,1,1,1,0,0.01,10,1,0.10,0.31,QUERmich
17,Quercus',15,Quercus_muehlenbergii',Chinkapin_oak',300,91,24,0.50,3.000,0.60,0.15,0.316,2030,3634,5238,4,2,5,2,1,1,1,0,0.01,10,1,0.10,0.31,QUERmueh
17,Quercus',16,Quercus_nigra',Water_oak',200,91,30,0.63,3.000,0.56,0.15,0.316,3052,4558,6064,3,3,1,2,1,1,1,0,0.1,10,1,0.10,0.31,QUERnigr
17,Quercus',17,Quercus_palustris',Pin_oak',150,91,30,0.63,3.000,0.58,0.15,0.316,2030,3634,5238,4,3,1,2,1,1,1,0,0.1,10,1,0.10,0.31,QUERpalu
17,Quercus',18,Quercus_phellos',Willow_oak',300,122,37,0.58,3.000,0.56,0.15,0.316,2263,3878,5493,3,3,1,2,1,1,1,0,0.1,10,1,0.10,0.31,QUERphel
17,Quercus',19,Quercus_shumardii',Shumard_oak',400,183,37,0.39,3.000,0.59,0.15,0.316,2263,3878,5493,3,2,2,2,1,1,1,0,0.1,10,1,0.10,0.31,QUERshum
17,Quercus',20,Quercus_virginiana',Live_oak',300,183,24,0.30,1.000,0.74,0.15,0.5,3634,5238,6842,2,1,2,1,1,1,1,1,0.01,10,1,0.10,0.31,QUERvirg
17,Quercus',21,Quercus_agrifolia',Coast_live_oak',250,152,24,0.30,3.000,0.60,0.15,0.5,2263,3878,5493,3,1,5,1,1,1,1,1,0.01,10,1,0.10,0.31,QUERagri
17,Quercus',22,Quercus_chrysolepis',Canyon_live_oak',300,152,24,0.30,3.000,0.68,0.15,0.5,1630,2546,3461,2,1,5,1,1,1,1,1,0.01,10,1,0.10,0.31,QUERchry
17,Quercus',23,Quercus_douglasii',Blue_oak',400,91,18,0.37,3.000,0.62,0.15,0.316,2030,3161,4291,5,1,6,1,1,1,1,0,0.01,10,1,0.10,0.31,QUERdoug
17,Quercus',24,Quercus_garryana',Oregon_white_oak',500,122,24,0.37,3.000,0.62,0.15,0.316,1323,2546,3769,3,1,5,1,1,1,1,0,0.01,10,1,0.10,0.31,QUERgarr
17,Quercus',25,Quercus_kelloggii',California_black_oak',300,152,37,0.47,3.000,0.51,0.15,0.316,1630,2546,3461,3,1,5,1,1,1,1,0,0.1,10,1,0.10,0.31,QUERkell
17,Quercus',26,Quercus_lobata',Valley_oak',600,305,30,0.30,1.000,0.58,0.15,0.316,2263,3878,5493,4,1,3,1,1,1,1,0,0.01,10,1,0.10,0.31,QUERloba
17,Quercus',27,Quercus_wislizeni',Interior_live_oak',300,91,24,0.50,3.000,0.68,0.15,0.5,1630,2546,3461,3,1,5,1,1,1,1,1,0.01,10,1,0.10,0.31,QUERwisl
17,Quercus',28,Quercus_gambelii',Gambel_oak',200,46,12,0.46,3.000,0.55,0.15,0.316,1323,2546,3769,3,1,5,1,1,1,1,0,0.1,10,1,0.10,0.31,QUERgamb
17,Quercus',29,Quercus_arizonica',Arizona_white_oak',400,61,18,0.55,3.000,0.64,0.15,0.5,2030,3161,4291,3,1,5,1,1,1,1,1,0.01,10,1,0.10,0.31,QUERariz
17,Quercus',30,Quercus_emoryi',Emory_oak',300,91,18,0.37,3.000,0.65,0.15,0.5,2263,3161,4060,3,1,5,1,1,1,1,1,0.01,10,1,0.10,0.31,QUERemor
17,Quercus',31,Quercus_laevis',Turkey_oak',200,61,18,0.55,3.000,0.60,0.15,0.316,3052,4558,6064,5,1,6,1,1,1,1,0,0.01,10,1,0.10,0.31,QUERlaev
17,Quercus',32,Quercus_montana',Chestnut_oak',267,183,30,0.31,3.000,0.57,0.15,0.316,2030,3161,4291,2,1,5,1,1,1,1,0,0.1,10,1,0.10,0.31,QUERmont
17,Quercus',33,Quercus_oglethorpensis',Oglethorpe_oak',200,61,18,0.55,3.000,0.55,0.15,0.316,3052,4558,6064,3,3,3,2,1,1,1,0,0.01,1,1,0.10,0.31,QUERogle
18,Robinia',1,Robinia_pseudoacacia',Black_locust',200,153,31,0.57,1.358,0.66,0.15,0.316,3052,3563,4074,5,2,6,3,5,5,3,0,0.01,1,1,0.56,0.78,ROBIpseu
19,Sassafras',1,Sassafras_albidum',Sassafras',200,61,24,1.10,1.075,0.42,0.15,0.316,2030,4047,6064,5,2,6,1,4,4,3,0,0.01,1,1,0.56,0.78,SASSalbi
20,Tilia',1,Tilia_heterophylla',White_basswood',150,76,24,0.86,1.445,0.32,0.15,0.316,3052,3878,4704,2,6,4,3,5,5,3,0,0.01,1,1,0.31,0.78,TILIhete
20,Tilia',2,Tilia_americana',American_basswood',200,122,37,0.58,3.000,0.32,0.15,0.316,1323,2546,3769,2,4,4,3,5,5,3,0,0.01,1,1,0.31,0.78,TILIamer
20,Tilia',3,Tilia_caroliniana',Carolina_basswood',150,91,30,0.63,3.000,0.32,0.15,0.316,3052,3878,4704,2,4,3,3,5,5,3,0,0.01,1,1,0.31,0.78,TILIcaro
21,Abies',1,Abies_balsamea',Balsam_fir',200,76,25,0.62,3.000,0.34,0.15,0.5,388,1551,2712,1,3,4,2,3,3,1,1,0.01,10,0,0.56,0.78,ABIEbals
21,Abies',2,Abies_fraseri',Fraser_fir',150,51,24,0.89,3.000,0.35,0.15,0.5,388,1200,2012,1,4,5,2,4,3,1,1,0.01,10,0,0.56,0.78,ABIEfras
21,Abies',3,Abies_amabilis',Pacific_silver_fir',400,107,55,1.00,3.000,0.40,0.15,0.5,388,1200,2012,1,4,5,2,4,3,1,1,0.01,10,0,0.56,0.78,ABIEamab
21,Abies',4,Abies_concolor',White_fir',350,152,55,0.71,3.000,0.37,0.15,0.5,828,2030,3233,2,2,5,2,3,3,1,1,0.01,10,0,0.56,0.78,ABIEconc
21,Abies',5,Abies_grandis',Grand_fir',300,152,67,0.86,3.000,0.35,0.15,0.5,388,1551,2712,1,3,5,2,4,3,1,1,0.01,10,0,0.56,0.78,ABIEgran
21,Abies',6,Abies_lasiocarpa',Subalpine_fir',250,76,30,0.75,3.000,0.32,0.15,0.5,388,828,1268,1,3,5,2,3,3,1,1,0.01,10,0,0.56,0.78,ABIElasi
21,Abies',7,Abies_magnifica',California_red_fir',500,183,58,0.62,3.000,0.36,0.15,0.5,388,1200,2012,2,2,5,2,3,3,1,1,0.01,10,0,0.56,0.78,ABIEmagn
21,Abies',8,Abies_procera',Noble_fir',400,183,76,0.82,3.000,0.37,0.15,0.5,388,1200,2012,2,3,5,2,3,3,1,1,0.01,10,0,0.56,0.78,ABIEproc
21,Abies',9,Abies_shastensis',Shasta_red_fir',450,152,55,0.71,3.000,0.36,0.15,0.5,388,1200,2012,2,2,5,2,3,3,1,1,0.01,10,0,0.56,0.78,ABIEshas
22,Chamaecyparis',1,Chamaecyparis_thyoides',Atlantic_white_cedar',300,46,25,1.03,3.000,0.31,0.15,0.5,2030,3563,5096,2,3,1,1,2,3,2,1,0.01,10,1,0.56,0.78,CHAMthyo
22,Chamaecyparis',2,Chamaecyparis_lawsoniana',Port_Orford_cedar',500,183,61,0.65,3.000,0.39,0.15,0.5,388,1551,2712,2,3,4,2,4,3,1,1,0.01,10,0,0.56,0.78,CHAMlaws
22,Chamaecyparis',3,Chamaecyparis_nootkatensis',Alaska_yellow_cedar',1000,183,46,0.49,3.000,0.44,0.15,0.5,388,828,1268,2,3,4,1,4,3,1,1,0.01,10,0,0.56,0.78,CHAMnoot
23,Larix',1,Larix_laricina',Tamarack',200,61,24,0.74,3.000,0.49,0.15,0.5,388,1200,2012,5,3,1,1,3,3,2,1,0.1,10,0,0.56,0.78,LARIlari
23,Larix',2,Larix_occidentalis',Western_larch',700,152,55,0.71,3.000,0.48,0.15,0.5,388,1200,2012,5,2,5,1,1,1,1,1,0.01,10,0,0.56,0.93,LARIocci
23,Larix',3,Larix_lyallii',Subalpine_larch',700,91,24,0.50,3.000,0.47,0.15,0.5,388,828,1268,5,2,5,1,2,2,1,1,0.01,1,0,0.56,0.93,LARIlyal
24,Picea',1,Picea_glauca',White_spruce',300,61,25,0.77,3.000,0.37,0.15,0.5,388,1551,2712,2,3,4,2,3,3,1,1,0.01,10,0,0.56,0.78,PICEglau
24,Picea',2,Picea_mariana',Black_spruce',250,38,20,0.98,3.000,0.41,0.15,0.5,388,1200,2012,2,3,2,1,2,3,1,1,0.01,10,0,0.56,0.78,PICEmari
24,Picea',3,Picea_rubens',Red_spruce',400,76,30,0.75,3.000,0.38,0.15,0.5,388,1551,2712,1,4,4,2,4,3,1,1,0.01,10,0,0.56,0.78,PICErube
24,Picea',4,Picea_engelmannii',Engelmann_spruce',500,122,49,0.78,3.000,0.33,0.15,0.5,388,828,1268,1,3,4,2,3,3,1,1,0.01,10,0,0.56,0.78,PICEenge
24,Picea',5,Picea_sitchensis',Sitka_spruce',700,457,91,0.39,3.000,0.37,0.15,0.5,388,1200,2012,2,4,3,2,4,3,1,1,0.01,10,0,0.56,0.78,PICEsitc
24,Picea',6,Picea_pungens',Blue_spruce',600,76,30,0.75,3.000,0.35,0.15,0.5,388,1200,2012,3,2,3,1,3,3,1,1,0.01,10,0,0.56,0.78,PICEpung
24,Picea',7,Picea_breweriana',Brewer_spruce',500,91,37,0.78,3.000,0.36,0.15,0.5,388,1200,2012,2,3,5,2,4,3,1,1,0.01,1,0,0.56,0.78,PICEbrew
24,Picea',8,Picea_chihuahuana',Chihuahua_spruce',250,61,27,0.84,3.000,0.36,0.15,0.5,828,1551,2274,2,3,5,2,3,3,1,1,0.01,1,0,0.56,0.78,PICEchih
25,Taxodium',1,Taxodium_distichum',Bald_cypress',600,366,46,0.30,1.000,0.42,0.15,0.316,3052,4558,6064,3,3,1,1,3,2,1,0,0.01,10,1,0.56,0.78,TAXOdist
25,Taxodium',2,Taxodium_ascendens',Pond_cypress',400,122,25,0.39,3.000,0.42,0.15,0.316,3634,5238,6842,3,3,1,1,3,2,1,0,0.01,10,1,0.56,0.78,TAXOasce
26,Thuja',1,Thuja_occidentalis',Northern_white_cedar',400,61,21,0.64,3.000,0.30,0.15,0.5,388,1551,2712,2,4,1,1,3,3,1,1,0.01,10,0,0.56,0.78,THUJocci
26,Thuja',2,Thuja_plicata',Western_red_cedar',1000,457,61,0.30,1.000,0.31,0.15,0.5,388,1551,2712,1,3,2,1,3,3,1,1,0.01,10,0,0.56,0.78,THUJplic
27,Tsuga',1,Tsuga_canadensis',Eastern_hemlock',600,122,30,0.47,3.000,0.38,0.15,0.5,828,2030,3233,1,4,4,2,5,4,1,1,0.01,10,0,0.56,0.78,TSUGcana
27,Tsuga',2,Tsuga_caroliniana',Carolina_hemlock',250,76,21,0.52,3.000,0.40,0.15,0.5,1630,2546,3461,1,4,4,2,5,4,1,1,0.01,1,0,0.56,0.78,TSUGcaro
27,Tsuga',3,Tsuga_heterophylla',Western_hemlock',500,183,61,0.65,3.000,0.42,0.15,0.5,388,1551,2712,1,4,4,2,4,3,1,1,0.01,10,0,0.56,0.78,TSUGhete
27,Tsuga',4,Tsuga_mertensiana',Mountain_hemlock',800,122,37,0.58,3.000,0.42,0.15,0.5,388,828,1268,2,3,5,2,3,3,1,1,0.01,10,0,0.56,0.78,TSUGmert
28,Calocedrus',1,Calocedrus_decurrens',Incense_cedar',500,183,57,0.61,3.000,0.35,0.15,0.5,828,2030,3233,2,1,5,1,2,2,1,1,0.01,10,0,0.56,0.78,CALOdecu
29,Cupressus',1,Cupressus_arizonica',Arizona_cypress',400,61,21,0.64,3.000,0.45,0.15,0.5,2030,3563,5096,4,1,6,1,2,2,2,1,0.01,1,0,0.56,0.78,CUPRariz
29,Cupressus',2,Cupressus_macrocarpa',Monterey_cypress',300,122,24,0.37,3.000,0.45,0.15,0.5,1630,2546,3461,3,2,5,2,3,3,2,1,0.01,1,0,0.56,0.78,CUPRmacr
30,Pseudotsuga',1,Pseudotsuga_menziesii',Douglas_fir',750,457,100,0.43,3.000,0.45,0.15,0.5,388,1551,2712,3,2,5,1,2,2,1,1,0.01,10,0,0.56,0.93,PSEUmenz
31,Sequoia',1,Sequoia_sempervirens',Coast_redwood',2000,671,110,0.32,3.000,0.38,0.15,0.5,1323,2030,2737,2,3,4,2,3,2,1,1,0.01,10,1,0.56,0.78,SEQUsemp
32,Sequoiadendron',1,Sequoiadendron_giganteum',Giant_sequoia',3000,762,95,0.30,1.000,0.36,0.15,0.5,828,1551,2274,3,2,5,1,1,1,1,1,0.01,10,0,0.56,0.78,SEQUgiga
33,Taxus',1,Taxus_brevifolia',Pacific_yew',350,38,15,0.72,2.468,0.60,0.15,0.5,388,1551,2712,1,3,4,2,5,4,1,1,0.01,1,1,0.56,0.78,TAXUbrev
34,Torreya',1,Torreya_taxifolia',Florida_torreya',300,46,18,0.72,3.000,0.50,0.15,0.5,3634,5238,6842,1,4,3,2,5,4,1,1,0.01,1,1,0.56,0.78,TORRtaxi
35,Ailanthus',1,Ailanthus_altissima',Tree_of_heaven',100,91,24,0.50,3.000,0.49,0.15,0.316,2030,3563,5096,5,2,4,1,3,3,3,0,1,100,1,0.31,0.78,AILAalti
36,Alnus',1,Alnus_glutinosa',European_alder',100,61,21,0.64,3.000,0.43,0.15,0.316,1323,2546,3769,3,4,1,1,3,3,3,0,0.1,10,1,0.31,0.78,ALNUglut
36,Alnus',2,Alnus_incana',Speckled_alder',60,15,9,1.02,3.000,0.42,0.15,0.316,388,1551,2712,4,3,1,1,3,3,3,0,0.1,10,1,0.31,0.78,ALNUinca
36,Alnus',3,Alnus_rubra',Red_alder',100,91,37,0.78,3.000,0.37,0.15,0.316,828,2030,3233,4,3,2,1,3,3,3,0,1,100,1,0.31,0.78,ALNUrubr
37,Amelanchier',1,Amelanchier_arborea',Downy_serviceberry',50,30,12,0.71,3.000,0.66,0.15,0.316,1323,2546,3769,2,3,4,2,3,3,3,0,0.01,1,1,0.31,0.78,AMELarbo
38,Betula',1,Betula_alleghaniensis',Yellow_birch',300,107,30,0.54,3.000,0.55,0.15,0.316,388,1961,3533,2,4,3,2,4,4,1,0,0.1,10,1,0.31,0.78,BETUalle
38,Betula',2,Betula_lenta',Sweet_birch',250,91,24,0.50,3.000,0.60,0.15,0.316,828,2451,4074,2,4,4,2,4,4,1,0,0.1,10,1,0.31,0.78,BETUlent
38,Betula',3,Betula_nigra',River_birch',150,91,27,0.56,3.000,0.49,0.15,0.316,2030,3563,5096,4,3,1,2,3,3,3,0,0.1,10,1,0.31,0.78,BETUnigr
38,Betula',4,Betula_papyrifera',Paper_birch',140,76,24,0.60,3.000,0.48,0.15,0.316,388,1551,2712,4,3,3,1,3,3,3,0,1,100,1,0.31,0.78,BETUpapy
38,Betula',5,Betula_populifolia',Gray_birch',50,30,12,0.71,3.000,0.45,0.15,0.316,828,2030,3233,5,3,3,1,3,3,3,0,1,100,1,0.31,0.78,BETUpopu
38,Betula',6,Betula_uber',Virginia_round_leaf_birch',100,30,12,0.71,3.000,0.50,0.15,0.316,1630,2546,3461,3,3,3,2,3,4,3,0,0.01,1,1,0.31,0.78,BETUuber
39,Carpinus',1,Carpinus_caroliniana',American_hornbeam',200,30,12,0.71,2.667,0.58,0.15,0.316,1630,3161,4704,1,3,2,2,4,4,3,0,0.01,1,1,0.31,0.78,CARPcaro
40,Castanea',1,Castanea_dentata',American_chestnut',500,305,37,0.30,1.000,0.40,0.15,0.316,1630,3161,4704,3,3,5,2,3,3,1,0,0.01,10,1,0.31,0.78,CASTdent
40,Castanea',2,Castanea_pumila',Allegheny_chinkapin',100,30,12,0.71,3.000,0.45,0.15,0.316,2030,3563,5096,3,3,5,2,3,3,3,0,0.01,10,1,0.31,0.78,CASTpumi
41,Catalpa',1,Catalpa_bignonioides',Southern_catalpa',100,91,18,0.37,3.000,0.38,0.15,0.316,3052,4558,6064,4,3,3,2,3,3,3,0,0.1,10,1,0.31,0.78,CATAbign
41,Catalpa',2,Catalpa_speciosa',Northern_catalpa',100,122,30,0.47,3.000,0.38,0.15,0.316,2030,3563,5096,4,3,3,2,3,3,3,0,0.1,10,0,0.31,0.78,CATAspec
42,Celtis',1,Celtis_laevigata',Sugarberry',150,91,30,0.63,3.000,0.49,0.15,0.316,3052,4558,6064,2,3,1,2,3,3,3,0,0.1,10,0,0.31,0.78,CELTlaev
42,Celtis',2,Celtis_occidentalis',Hackberry',200,122,37,0.58,3.000,0.49,0.15,0.316,2030,3563,5096,3,2,2,2,3,3,2,0,0.1,10,0,0.31,0.78,CELTocci
43,Cladrastis',1,Cladrastis_kentukea',Yellowwood',100,61,18,0.55,3.000,0.52,0.15,0.316,2263,3483,4704,3,3,5,2,4,4,3,0,0.01,1,0,0.31,0.78,CLADkent
44,Cornus',1,Cornus_alternifolia',Alternate_leaf_dogwood',50,15,9,1.02,3.000,0.58,0.15,0.316,828,2451,4074,2,4,3,2,4,4,3,0,0.01,1,1,0.10,0.31,CORNalte
44,Cornus',2,Cornus_nuttallii',Pacific_dogwood',150,46,18,0.72,3.000,0.60,0.15,0.316,828,2030,3233,2,4,4,2,4,4,3,0,0.01,1,1,0.10,0.31,CORNnutt
45,Gleditsia',1,Gleditsia_triacanthos',Honeylocust',150,91,30,0.63,3.000,0.60,0.15,0.316,2263,3878,5493,5,1,2,1,3,3,3,0,0.1,10,1,0.31,0.78,GLEDtria
45,Gleditsia',2,Gleditsia_aquatica',Water_locust',100,61,18,0.55,3.000,0.55,0.15,0.316,3052,4558,6064,4,3,1,1,3,3,3,0,0.01,1,1,0.31,0.78,GLEDaqua
46,Gordonia',1,Gordonia_lasianthus',Loblolly_bay',200,46,21,0.85,3.000,0.45,0.15,0.5,3634,5238,6842,2,4,1,1,3,3,2,1,0.01,1,0,0.56,0.78,GORDlasi
47,Gymnocladus',1,Gymnocladus_dioicus',Kentucky_coffeetree',200,91,24,0.50,3.000,0.53,0.15,0.316,2030,3563,5096,4,3,4,2,3,3,2,0,0.01,1,1,0.31,0.78,GYMNdioi
48,Halesia',1,Halesia_tetraptera',Carolina_silverbell',100,61,24,0.74,3.000,0.40,0.15,0.316,2263,3483,4704,2,4,4,2,4,4,3,0,0.01,1,1,0.31,0.78,HALEtetr
48,Halesia',2,Halesia_diptera',Two_wing_silverbell',100,30,9,0.51,3.000,0.40,0.15,0.316,3052,4558,6064,2,4,2,2,4,4,3,0,0.01,1,1,0.31,0.78,HALEdipt
49,Magnolia',1,Magnolia_acuminata',Cucumber_tree',300,122,30,0.47,3.000,0.44,0.15,0.316,1630,3161,4704,2,4,4,3,4,4,2,0,0.01,1,0,0.31,0.78,MAGNacum
49,Magnolia',2,Magnolia_grandiflora',Southern_magnolia',200,122,37,0.58,3.000,0.46,0.15,0.5,3634,5238,6842,1,4,2,2,4,4,1,1,0.01,1,0,0.56,0.78,MAGNgran
49,Magnolia',3,Magnolia_macrophylla',Bigleaf_magnolia',100,46,18,0.72,3.000,0.40,0.15,0.316,2263,3878,5493,2,5,4,3,5,4,3,0,0.01,1,0,0.31,0.78,MAGNmacr
49,Magnolia',4,Magnolia_tripetala',Umbrella_magnolia',100,46,12,0.46,3.000,0.40,0.15,0.316,2030,3563,5096,2,4,4,2,4,4,3,0,0.01,1,0,0.31,0.78,MAGNtrip
49,Magnolia',5,Magnolia_virginiana',Sweetbay',150,61,18,0.55,3.000,0.42,0.15,0.316,2263,3878,5493,2,4,1,2,3,3,3,0,0.01,1,0,0.31,0.78,MAGNvirg
49,Magnolia',6,Magnolia_fraseri',Fraser_magnolia',100,46,18,0.72,3.000,0.40,0.15,0.316,2030,3161,4291,2,4,4,2,4,4,3,0,0.01,1,0,0.31,0.78,MAGNfras
50,Morus',1,Morus_rubra',Red_mulberry',150,61,21,0.64,3.000,0.52,0.15,0.316,2030,3563,5096,2,3,3,2,3,3,3,0,0.1,10,0,0.31,0.78,MORUrubr
51,Ostrya',1,Ostrya_virginiana',Eastern_hophornbeam',200,30,15,0.91,3.000,0.63,0.15,0.316,1323,2546,3769,1,3,4,2,4,4,3,0,0.01,1,1,0.31,0.78,OSTRvirg
52,Paulownia',1,Paulownia_tomentosa',Royal_paulownia',70,91,21,0.43,3.000,0.27,0.15,0.316,2263,3878,5493,5,3,4,1,3,3,3,0,1,100,1,0.31,0.78,PAULtome
53,Persea',1,Persea_borbonia',Redbay',200,61,21,0.64,3.000,0.55,0.15,0.5,3634,5238,6842,1,4,1,2,3,3,2,1,0.01,1,1,0.56,0.78,PERSborb
54,Planera',1,Planera_aquatica',Water_elm',100,46,15,0.59,3.000,0.46,0.15,0.316,3052,4558,6064,3,4,1,2,3,3,3,0,0.01,1,0,0.31,0.78,PLANaqua
55,Platanus',1,Platanus_occidentalis',American_sycamore',250,366,46,0.30,1.000,0.46,0.15,0.316,1630,3634,5651,4,3,1,2,3,3,2,0,0.1,10,1,0.31,0.78,PLATocci
55,Platanus',2,Platanus_racemosa',California_sycamore',250,152,30,0.38,3.000,0.46,0.15,0.316,2263,3878,5493,4,2,1,2,3,3,2,0,0.1,10,1,0.31,0.78,PLATrace
56,Populus',1,Populus_deltoides',Eastern_cottonwood',100,183,37,0.39,3.000,0.37,0.15,0.316,1630,3634,5651,5,3,1,2,3,3,3,0,1,100,1,0.31,0.78,POPUdelt
56,Populus',2,Populus_grandidentata',Bigtooth_aspen',70,61,24,0.74,3.000,0.36,0.15,0.316,828,2030,3233,5,3,4,1,3,4,3,0,1,100,1,0.31,0.78,POPUgran
56,Populus',3,Populus_tremuloides',Quaking_aspen',100,61,27,0.84,3.000,0.35,0.15,0.316,388,1551,2712,5,3,3,1,3,4,3,0,1,100,1,0.31,0.78,POPUtrem
56,Populus',4,Populus_balsamifera',Balsam_poplar',100,91,24,0.50,3.000,0.34,0.15,0.316,388,1200,2012,5,3,1,1,3,4,3,0,1,100,1,0.31,0.78,POPUbals
56,Populus',5,Populus_heterophylla',Swamp_cottonwood',100,91,30,0.63,3.000,0.37,0.15,0.316,2263,3878,5493,5,4,1,2,3,4,3,0,0.1,10,1,0.31,0.78,POPUhete
56,Populus',6,Populus_trichocarpa',Black_cottonwood',200,183,61,0.65,3.000,0.32,0.15,0.316,388,1551,2712,5,3,1,1,3,4,3,0,1,100,1,0.31,0.78,POPUtric
56,Populus',7,Populus_fremontii',Fremont_cottonwood',100,152,27,0.34,3.000,0.36,0.15,0.316,1630,3161,4704,5,2,1,1,3,4,3,0,1,100,1,0.31,0.78,POPUfrem
56,Populus',8,Populus_angustifolia',Narrowleaf_cottonwood',100,61,18,0.55,3.000,0.35,0.15,0.316,388,1551,2712,5,2,2,1,3,4,3,0,1,100,1,0.31,0.78,POPUangu
57,Salix',1,Salix_nigra',Black_willow',70,91,30,0.63,3.000,0.36,0.15,0.316,1630,3634,5651,5,4,1,1,3,4,3,0,1,100,1,0.31,0.78,SALInigr
57,Salix',2,Salix_amygdaloides',Peachleaf_willow',70,61,18,0.55,3.000,0.36,0.15,0.316,828,2546,4264,5,3,1,1,3,4,3,0,1,100,1,0.31,0.78,SALIamyg
57,Salix',3,Salix_lasiandra',Pacific_willow',60,46,18,0.72,3.000,0.37,0.15,0.316,388,1551,2712,5,3,1,1,3,4,3,0,1,100,1,0.31,0.78,SALIlasi
57,Salix',4,Salix_scouleriana',Scouler_willow',80,46,12,0.46,3.000,0.38,0.15,0.316,388,1551,2712,4,3,2,1,3,3,3,0,0.1,10,1,0.31,0.78,SALIscou
57,Salix',5,Salix_gooddingii',Goodding_willow',60,61,18,0.55,3.000,0.36,0.15,0.316,2263,3563,4863,5,2,1,1,3,4,3,0,1,100,1,0.31,0.78,SALIgood
58,Sorbus',1,Sorbus_americana',American_mountain_ash',80,30,9,0.51,3.000,0.46,0.15,0.316,388,1200,2012,2,4,4,2,4,4,3,0,0.01,1,1,0.31,0.78,SORBamer
59,Ulmus',1,Ulmus_americana',American_elm',300,183,37,0.39,3.000,0.46,0.15,0.316,828,2546,4264,3,3,1,2,3,3,2,0,0.1,10,0,0.31,0.78,ULMUamer
59,Ulmus',2,Ulmus_rubra',Slippery_elm',200,91,24,0.50,3.000,0.48,0.15,0.316,1323,2546,3769,3,3,2,2,3,3,2,0,0.01,10,0,0.31,0.78,ULMUrubr
59,Ulmus',3,Ulmus_alata',Winged_elm',100,61,18,0.55,3.000,0.53,0.15,0.316,2263,3878,5493,3,2,3,2,3,3,3,0,0.01,10,0,0.31,0.78,ULMUalat
59,Ulmus',4,Ulmus_thomasii',Rock_elm',300,91,30,0.63,3.000,0.57,0.15,0.316,1323,2546,3769,3,2,3,2,3,3,2,0,0.01,10,0,0.31,0.78,ULMUthom
59,Ulmus',5,Ulmus_crassifolia',Cedar_elm',100,91,24,0.50,3.000,0.55,0.15,0.316,3052,4558,6064,3,1,2,2,3,3,3,0,0.01,10,0,0.31,0.78,ULMUcras
60,Maclura',1,Maclura_pomifera',Osage_orange',200,61,18,0.55,3.000,0.76,0.15,0.316,2263,3878,5493,4,1,4,1,2,2,2,0,0.1,10,1,0.31,0.78,MACLpomi
61,Asimina',1,Asimina_triloba',Pawpaw',100,30,12,0.71,3.000,0.35,0.15,0.316,2030,3563,5096,1,4,2,2,5,4,3,0,0.01,1,1,0.31,0.78,ASIMtril
62,Arbutus',1,Arbutus_menziesii',Pacific_madrone',250,91,37,0.78,3.000,0.58,0.15,0.5,1323,2546,3769,3,1,5,1,2,2,2,1,0.01,10,1,0.56,0.78,ARBUmenz
63,Cercocarpus',1,Cercocarpus_ledifolius',Curl_leaf_mountain_mahogany',300,46,12,0.46,2.592,0.80,0.15,0.5,828,2030,3233,5,1,6,1,2,1,1,1,0.01,1,0,0.56,0.78,CERCledi
64,Chrysolepis',1,Chrysolepis_chrysophylla',Giant_chinquapin',500,152,46,0.59,3.000,0.42,0.15,0.5,1323,2546,3769,2,2,5,1,2,2,1,1,0.01,10,1,0.56,0.78,CHRYchry
65,Lithocarpus',1,Lithocarpus_densiflorus',Tanoak',300,152,46,0.59,3.000,0.58,0.15,0.5,1323,2546,3769,2,2,5,2,2,2,1,1,0.01,10,1,0.56,0.78,LITHdens
66,Prosopis',1,Prosopis_glandulosa',Honey_mesquite',200,61,9,0.30,1.000,0.70,0.15,0.316,3052,4558,6064,5,1,4,1,1,1,2,0,0.01,10,1,0.31,0.78,PROSglan
66,Prosopis',2,Prosopis_velutina',Velvet_mesquite',200,61,12,0.35,3.000,0.70,0.15,0.316,3052,4558,6064,5,1,4,1,1,1,2,0,0.01,10,1,0.31,0.78,PROSvelu
67,Umbellularia',1,Umbellularia_californica',California_laurel',200,91,24,0.50,3.000,0.51,0.15,0.5,1630,2546,3461,2,2,4,2,3,3,2,1,0.01,1,1,0.56,0.78,UMBEcali
68,Crataegus',1,Crataegus_crus_galli',Cockspur_hawthorn',80,25,9,0.61,3.000,0.64,0.15,0.316,1630,3161,4704,4,2,3,1,3,3,3,0,0.01,10,0,0.31,0.78,CRATcrus
69,Elaeagnus',1,Elaeagnus_angustifolia',Russian_olive',80,30,9,0.51,3.000,0.48,0.15,0.316,828,2546,4264,5,1,3,1,2,2,3,0,1,10,1,0.31,0.78,ELAEangu
70,Ilex',1,Ilex_opaca',American_holly',200,61,18,0.55,3.000,0.50,0.15,0.5,2263,3878,5493,1,3,2,2,4,4,2,1,0.01,1,1,0.56,0.78,ILEXopac
71,Malus',1,Malus_coronaria',Sweet_crab_apple',50,25,9,0.61,3.000,0.60,0.15,0.316,1630,3161,4704,3,3,3,2,3,3,3,0,0.01,10,1,0.31,0.78,MALUcoro
72,Olneya',1,Olneya_tesota',Desert_ironwood',200,46,9,0.33,2.936,0.95,0.15,0.5,3634,5238,6842,4,1,6,1,2,1,1,1,0.01,1,0,0.56,0.78,OLNEteso
73,Chilopsis',1,Chilopsis_linearis',Desert_willow',50,20,9,0.76,3.000,0.50,0.15,0.316,3052,4558,6064,5,1,4,1,2,2,3,0,0.01,1,0,0.31,0.78,CHILline
