site_id,year,latitude,longitude,elevation,slope,leaf_area_ind,grow_days,deg_days,flood_days,dry_days_upper,dry_days_base,pot_evap_day,act_evap_day,rain
0,0,36.0028,-84.2486,275.8,0.000000e+00,0.000000e+00,300,3562.5,0,34.327767,0,0.465729,0.083961,3.791673
0,1,36.0028,-84.2486,275.8,0.000000e+00,0.9841,300,3562.5,0,36.480262,0,0.465729,0.082555,3.815226
0,2,36.0028,-84.2486,275.8,0.000000e+00,2.177261,300,3562.5,0,0,0,0.465729,0.08295,3.746193
0,3,36.0028,-84.2486,275.8,0.000000e+00,3.004877,300,3562.5,0,73.443129,0,0.465729,0.083928,3.781378
0,4,36.0028,-84.2486,275.8,0.000000e+00,4.144991,300,3562.5,0,0,0,0.465729,0.083868,3.798637
0,5,36.0028,-84.2486,275.8,0.000000e+00,5.593523,300,3562.5,0,0,0,0.465729,0.081157,3.79168
0,6,36.0028,-84.2486,275.8,0.000000e+00,7.292191,300,3562.5,0,9.977669,0,0.465729,0.082742,3.765079
0,7,36.0028,-84.2486,275.8,0.000000e+00,9.145896,300,3562.5,0,4.515551,0,0.465729,0.084507,3.786099
0,8,36.0028,-84.2486,275.8,0.000000e+00,10.173607,300,3562.5,0,0,0,0.465729,0.081921,3.803441
0,9,36.0028,-84.2486,275.8,0.000000e+00,7.798127,300,3562.5,0,4.05856,0,0.465729,0.084612,3.83066
0,10,36.0028,-84.2486,275.8,0.000000e+00,8.979287,300,3562.5,0,5.179385,0,0.465729,0.082178,3.813072
0,11,36.0028,-84.2486,275.8,0.000000e+00,9.861641,300,3562.5,0,0,0,0.465729,0.081167,3.842342
0,12,36.0028,-84.2486,275.8,0.000000e+00,8.006751,300,3562.5,0,0,0,0.465729,0.082637,3.827305
0,13,36.0028,-84.2486,275.8,0.000000e+00,7.90428,300,3562.5,0,1.012298,0,0.465729,0.083072,3.797905
0,14,36.0028,-84.2486,275.8,0.000000e+00,7.848238,300,3562.5,0,0,0,0.465729,0.084476,3.825973
0,15,36.0028,-84.2486,275.8,0.000000e+00,7.541853,300,3562.5,0,4.991935,0,0.465729,0.08273,3.799278
0,16,36.0028,-84.2486,275.8,0.000000e+00,7.421753,300,3562.5,0,2.437581,0,0.465729,0.083571,3.766394
0,17,36.0028,-84.2486,275.8,0.000000e+00,7.378761,300,3562.5,0,0,0,0.465729,0.082691,3.743355
0,18,36.0028,-84.2486,275.8,0.000000e+00,7.223966,300,3562.5,0,3.202549,0,0.465729,0.084451,3.836805
0,19,36.0028,-84.2486,275.8,0.000000e+00,7.227134,300,3562.5,0,6.114614,0,0.465729,0.082428,3.842217
0,20,36.0028,-84.2486,275.8,0.000000e+00,7.165513,300,3562.5,0,2.361513,0,0.465729,0.085015,3.788692
0,21,36.0028,-84.2486,275.8,0.000000e+00,7.010601,300,3562.5,0,9.911186,0,0.465729,0.082093,3.827704
0,22,36.0028,-84.2486,275.8,0.000000e+00,7.024115,300,3562.5,0,10.735891,0,0.465729,0.078987,3.774141
0,23,36.0028,-84.2486,275.8,0.000000e+00,6.979815,300,3562.5,0,0,0,0.465729,0.085135,3.769182
0,24,36.0028,-84.2486,275.8,0.000000e+00,6.912978,300,3562.5,0,0,0,0.465729,0.083297,3.814228
0,25,36.0028,-84.2486,275.8,0.000000e+00,6.786751,300,3562.5,0,0,0,0.465729,0.080763,3.801725
0,26,36.0028,-84.2486,275.8,0.000000e+00,6.818452,300,3562.5,0,4.067899,0,0.465729,0.080414,3.758997
0,27,36.0028,-84.2486,275.8,0.000000e+00,6.689599,300,3562.5,0,0,0,0.465729,0.083162,3.751121
0,28,36.0028,-84.2486,275.8,0.000000e+00,6.649972,300,3562.5,0,0,0,0.465729,0.081032,3.797119
0,29,36.0028,-84.2486,275.8,0.000000e+00,6.62937,300,3562.5,0,21.730819,0,0.465729,0.084547,3.81533
0,30,36.0028,-84.2486,275.8,0.000000e+00,6.615105,300,3562.5,0,16.772364,0,0.465729,0.084597,3.780124
0,31,36.0028,-84.2486,275.8,0.000000e+00,6.604294,300,3562.5,0,0,0,0.465729,0.085897,3.75995
0,32,36.0028,-84.2486,275.8,0.000000e+00,6.570165,300,3562.5,0,0,0,0.465729,0.0859,3.835685
0,33,36.0028,-84.2486,275.8,0.000000e+00,6.473201,300,3562.5,0,4.849674,0,0.465729,0.084115,3.771755
0,34,36.0028,-84.2486,275.8,0.000000e+00,6.392596,300,3562.5,0,10.315607,0,0.465729,0.082646,3.745109
0,35,36.0028,-84.2486,275.8,0.000000e+00,6.299494,300,3562.5,0,9.893012,0,0.465729,0.08372,3.770113
0,36,36.0028,-84.2486,275.8,0.000000e+00,6.201053,300,3562.5,0,26.300151,0,0.465729,0.083975,3.738658
0,37,36.0028,-84.2486,275.8,0.000000e+00,6.239116,300,3562.5,0,31.916897,0,0.465729,0.084946,3.764098
0,38,36.0028,-84.2486,275.8,0.000000e+00,6.056607,300,3562.5,0,17.147754,0,0.465729,0.082334,3.737315
0,39,36.0028,-84.2486,275.8,0.000000e+00,5.96025,300,3562.5,0,0,0,0.465729,0.083226,3.781854
0,40,36.0028,-84.2486,275.8,0.000000e+00,5.918967,300,3562.5,0,16.202379,0,0.465729,0.083117,3.781821
0,41,36.0028,-84.2486,275.8,0.000000e+00,5.844128,300,3562.5,0,34.521506,0,0.465729,0.083674,3.832644
0,42,36.0028,-84.2486,275.8,0.000000e+00,5.736129,300,3562.5,0,0,0,0.465729,0.082292,3.788404
0,43,36.0028,-84.2486,275.8,0.000000e+00,5.707876,300,3562.5,0,0,0,0.465729,0.083469,3.835668
0,44,36.0028,-84.2486,275.8,0.000000e+00,5.621542,300,3562.5,0,25.553882,0,0.465729,0.08166,3.813316
0,45,36.0028,-84.2486,275.8,0.000000e+00,5.506204,300,3562.5,0,5.734773,0,0.465729,0.08269,3.813903
0,46,36.0028,-84.2486,275.8,0.000000e+00,5.454286,300,3562.5,0,0,0,0.465729,0.082426,3.771861
0,47,36.0028,-84.2486,275.8,0.000000e+00,5.344492,300,3562.5,0,5.69343,0,0.465729,0.081978,3.772863
0,48,36.0028,-84.2486,275.8,0.000000e+00,5.278626,300,3562.5,0,0,0,0.465729,0.083255,3.787214
0,49,36.0028,-84.2486,275.8,0.000000e+00,5.23477,300,3562.5,0,0,0,0.465729,0.083562,3.784953
0,50,36.0028,-84.2486,275.8,0.000000e+00,5.291487,300,3562.5,0,0,0,0.465729,0.083891,3.812035
0,51,36.0028,-84.2486,275.8,0.000000e+00,5.147499,300,3562.5,0,0,0,0.465729,0.080946,3.841728
0,52,36.0028,-84.2486,275.8,0.000000e+00,5.173177,300,3562.5,0,7.303882,0,0.465729,0.084391,3.812763
0,53,36.0028,-84.2486,275.8,0.000000e+00,5.234815,300,3562.5,0,21.28155,0,0.465729,0.082232,3.845309
0,54,36.0028,-84.2486,275.8,0.000000e+00,5.16607,300,3562.5,0,6.558026,0,0.465729,0.082729,3.776896
0,55,36.0028,-84.2486,275.8,0.000000e+00,5.17343,300,3562.5,0,0,0,0.465729,0.084468,3.789231
0,56,36.0028,-84.2486,275.8,0.000000e+00,5.151537,300,3562.5,0,6.628691,0,0.465729,0.083809,3.729691
0,57,36.0028,-84.2486,275.8,0.000000e+00,5.121573,300,3562.5,0,0,0,0.465729,0.082933,3.763703
0,58,36.0028,-84.2486,275.8,0.000000e+00,5.039285,300,3562.5,0,0,0,0.465729,0.083594,3.781345
0,59,36.0028,-84.2486,275.8,0.000000e+00,5.131822,300,3562.5,0,0,0,0.465729,0.082849,3.790206
0,60,36.0028,-84.2486,275.8,0.000000e+00,5.090172,300,3562.5,0,14.443212,0,0.465729,0.0822,3.813222
0,61,36.0028,-84.2486,275.8,0.000000e+00,5.032717,300,3562.5,0,0,0,0.465729,0.083422,3.83095
0,62,36.0028,-84.2486,275.8,0.000000e+00,5.027491,300,3562.5,0,7.665891,0,0.465729,0.082216,3.799545
0,63,36.0028,-84.2486,275.8,0.000000e+00,5.030952,300,3562.5,0,0,0,0.465729,0.083474,3.729945
0,64,36.0028,-84.2486,275.8,0.000000e+00,5.026388,300,3562.5,0,7.547381,0,0.465729,0.080575,3.792805
0,65,36.0028,-84.2486,275.8,0.000000e+00,5.076974,300,3562.5,0,0,0,0.465729,0.08158,3.754871
0,66,36.0028,-84.2486,275.8,0.000000e+00,5.019299,300,3562.5,0,28.40414,0,0.465729,0.083892,3.796423
0,67,36.0028,-84.2486,275.8,0.000000e+00,5.131965,300,3562.5,0,0,0,0.465729,0.080779,3.802867
0,68,36.0028,-84.2486,275.8,0.000000e+00,5.105206,300,3562.5,0,17.539285,0,0.465729,0.086368,3.793163
0,69,36.0028,-84.2486,275.8,0.000000e+00,5.095804,300,3562.5,0,8.370692,0,0.465729,0.084369,3.853219
0,70,36.0028,-84.2486,275.8,0.000000e+00,5.046226,300,3562.5,0,16.780702,0,0.465729,0.083174,3.737961
0,71,36.0028,-84.2486,275.8,0.000000e+00,5.122321,300,3562.5,0,0,0,0.465729,0.079413,3.753237
0,72,36.0028,-84.2486,275.8,0.000000e+00,5.110929,300,3562.5,0,0,0,0.465729,0.082262,3.791527
0,73,36.0028,-84.2486,275.8,0.000000e+00,5.109413,300,3562.5,0,14.597124,0,0.465729,0.080327,3.792863
0,74,36.0028,-84.2486,275.8,0.000000e+00,5.149639,300,3562.5,0,0,0,0.465729,0.084948,3.797785
0,75,36.0028,-84.2486,275.8,0.000000e+00,5.196092,300,3562.5,0,0,0,0.465729,0.082743,3.787576
0,76,36.0028,-84.2486,275.8,0.000000e+00,5.300719,300,3562.5,0,0,0,0.465729,0.08176,3.802601
0,77,36.0028,-84.2486,275.8,0.000000e+00,5.36319,300,3562.5,0,8.708699,0,0.465729,0.085127,3.784345
0,78,36.0028,-84.2486,275.8,0.000000e+00,5.370529,300,3562.5,0,0,0,0.465729,0.085939,3.811204
0,79,36.0028,-84.2486,275.8,0.000000e+00,5.444687,300,3562.5,0,0,0,0.465729,0.082614,3.802906
0,80,36.0028,-84.2486,275.8,0.000000e+00,5.399857,300,3562.5,0,31.483003,0,0.465729,0.081236,3.812052
0,81,36.0028,-84.2486,275.8,0.000000e+00,5.379325,300,3562.5,0,15.73065,0,0.465729,0.084125,3.801056
0,82,36.0028,-84.2486,275.8,0.000000e+00,5.392052,300,3562.5,0,0,0,0.465729,0.086482,3.836337
0,83,36.0028,-84.2486,275.8,0.000000e+00,5.371222,300,3562.5,0,9.983709,0,0.465729,0.083531,3.778179
0,84,36.0028,-84.2486,275.8,0.000000e+00,5.348179,300,3562.5,0,8.340366,0,0.465729,0.084126,3.76735
0,85,36.0028,-84.2486,275.8,0.000000e+00,5.40871,300,3562.5,0,0,0,0.465729,0.083027,3.844766
0,86,36.0028,-84.2486,275.8,0.000000e+00,5.409162,300,3562.5,0,23.846781,0,0.465729,0.085697,3.801257
0,87,36.0028,-84.2486,275.8,0.000000e+00,5.453996,300,3562.5,0,9.355036,0,0.465729,0.084396,3.796904
0,88,36.0028,-84.2486,275.8,0.000000e+00,5.393043,300,3562.5,0,6.685909,0,0.465729,0.080487,3.827756
0,89,36.0028,-84.2486,275.8,0.000000e+00,5.409489,300,3562.5,0,0,0,0.465729,0.081088,3.753362
0,90,36.0028,-84.2486,275.8,0.000000e+00,5.445753,300,3562.5,0,0,0,0.465729,0.081223,3.827701
0,91,36.0028,-84.2486,275.8,0.000000e+00,5.38423,300,3562.5,0,14.347822,0,0.465729,0.080901,3.802847
0,92,36.0028,-84.2486,275.8,0.000000e+00,5.425057,300,3562.5,0,39.029195,0,0.465729,0.08282,3.789524
0,93,36.0028,-84.2486,275.8,0.000000e+00,5.340389,300,3562.5,0,8.204648,0,0.465729,0.082761,3.780173
0,94,36.0028,-84.2486,275.8,0.000000e+00,5.346454,300,3562.5,0,17.712826,0,0.465729,0.083693,3.741508
0,95,36.0028,-84.2486,275.8,0.000000e+00,5.340161,300,3562.5,0,32.597518,0,0.465729,0.0853,3.795992
0,96,36.0028,-84.2486,275.8,0.000000e+00,5.339055,300,3562.5,0,6.61984,0,0.465729,0.079469,3.763744
0,97,36.0028,-84.2486,275.8,0.000000e+00,5.416331,300,3562.5,0,22.60099,0,0.465729,0.082962,3.854041
0,98,36.0028,-84.2486,275.8,0.000000e+00,5.420025,300,3562.5,0,32.925743,0,0.465729,0.083443,3.771783
0,99,36.0028,-84.2486,275.8,0.000000e+00,5.348835,300,3562.5,0,8.806665,0,0.465729,0.083341,3.785879
0,100,36.0028,-84.2486,275.8,0.000000e+00,5.325061,300,3562.5,0,0,0,0.465729,0.083844,3.842947
0,101,36.0028,-84.2486,275.8,0.000000e+00,5.31712,300,3562.5,0,19.411491,0,0.465729,0.083668,3.789185
0,102,36.0028,-84.2486,275.8,0.000000e+00,5.357563,300,3562.5,0,0,0,0.465729,0.083022,3.787357
0,103,36.0028,-84.2486,275.8,0.000000e+00,5.349436,300,3562.5,0,0,0,0.465729,0.083275,3.76024
0,104,36.0028,-84.2486,275.8,0.000000e+00,5.345612,300,3562.5,0,7.46279,0,0.465729,0.081625,3.759703
0,105,36.0028,-84.2486,275.8,0.000000e+00,5.387028,300,3562.5,0,0,0,0.465729,0.082451,3.756862
0,106,36.0028,-84.2486,275.8,0.000000e+00,5.427616,300,3562.5,0,0,0,0.465729,0.079801,3.78266
0,107,36.0028,-84.2486,275.8,0.000000e+00,5.392718,300,3562.5,0,17.362263,0,0.465729,0.085338,3.784894
0,108,36.0028,-84.2486,275.8,0.000000e+00,5.404951,300,3562.5,0,0,0,0.465729,0.08103,3.77299
0,109,36.0028,-84.2486,275.8,0.000000e+00,5.359465,300,3562.5,0,24.937985,0,0.465729,0.084579,3.772078
0,110,36.0028,-84.2486,275.8,0.000000e+00,5.431027,300,3562.5,0,7.414509,0,0.465729,0.081553,3.78331
0,111,36.0028,-84.2486,275.8,0.000000e+00,5.423156,300,3562.5,0,8.881652,0,0.465729,0.085075,3.819065
0,112,36.0028,-84.2486,275.8,0.000000e+00,5.413237,300,3562.5,0,9.98121,0,0.465729,0.084785,3.795165
0,113,36.0028,-84.2486,275.8,0.000000e+00,5.446892,300,3562.5,0,0,0,0.465729,0.083694,3.82809
0,114,36.0028,-84.2486,275.8,0.000000e+00,5.410119,300,3562.5,0,0,0,0.465729,0.081484,3.799208
0,115,36.0028,-84.2486,275.8,0.000000e+00,5.355313,300,3562.5,0,16.046682,0,0.465729,0.082955,3.860559
0,116,36.0028,-84.2486,275.8,0.000000e+00,5.32762,300,3562.5,0,0,0,0.465729,0.085129,3.800134
0,117,36.0028,-84.2486,275.8,0.000000e+00,5.334757,300,3562.5,0,23.322419,0,0.465729,0.080989,3.760582
0,118,36.0028,-84.2486,275.8,0.000000e+00,5.394422,300,3562.5,0,9.252602,0,0.465729,0.086736,3.771966
0,119,36.0028,-84.2486,275.8,0.000000e+00,5.377073,300,3562.5,0,6.790837,0,0.465729,0.07845,3.803339
0,120,36.0028,-84.2486,275.8,0.000000e+00,5.311458,300,3562.5,0,39.112664,0,0.465729,0.086287,3.798648
0,121,36.0028,-84.2486,275.8,0.000000e+00,5.276857,300,3562.5,0,34.798527,0,0.465729,0.083888,3.805957
0,122,36.0028,-84.2486,275.8,0.000000e+00,5.311636,300,3562.5,0,0,0,0.465729,0.078399,3.786807
0,123,36.0028,-84.2486,275.8,0.000000e+00,5.367277,300,3562.5,0,6.77209,0,0.465729,0.082247,3.760905
0,124,36.0028,-84.2486,275.8,0.000000e+00,5.367852,300,3562.5,0,0,0,0.465729,0.082655,3.836441
0,125,36.0028,-84.2486,275.8,0.000000e+00,5.408721,300,3562.5,0,0,0,0.465729,0.084507,3.748645
0,126,36.0028,-84.2486,275.8,0.000000e+00,5.423612,300,3562.5,0,16.118841,0,0.465729,0.082317,3.813354
0,127,36.0028,-84.2486,275.8,0.000000e+00,5.486726,300,3562.5,0,0,0,0.465729,0.081603,3.821246
0,128,36.0028,-84.2486,275.8,0.000000e+00,5.492128,300,3562.5,0,0,0,0.465729,0.083914,3.839269
0,129,36.0028,-84.2486,275.8,0.000000e+00,5.516783,300,3562.5,0,0,0,0.465729,0.088616,3.762457
0,130,36.0028,-84.2486,275.8,0.000000e+00,5.495977,300,3562.5,0,0,0,0.465729,0.084487,3.824285
0,131,36.0028,-84.2486,275.8,0.000000e+00,5.558123,300,3562.5,0,0,0,0.465729,0.082739,3.793099
0,132,36.0028,-84.2486,275.8,0.000000e+00,5.608023,300,3562.5,0,15.123308,0,0.465729,0.083507,3.755183
0,133,36.0028,-84.2486,275.8,0.000000e+00,5.587884,300,3562.5,0,0,0,0.465729,0.082054,3.825851
0,134,36.0028,-84.2486,275.8,0.000000e+00,5.610717,300,3562.5,0,8.023501,0,0.465729,0.082403,3.7471
0,135,36.0028,-84.2486,275.8,0.000000e+00,5.674086,300,3562.5,0,6.438336,0,0.465729,0.079002,3.830969
0,136,36.0028,-84.2486,275.8,0.000000e+00,5.67859,300,3562.5,0,20.429811,0,0.465729,0.081319,3.828713
0,137,36.0028,-84.2486,275.8,0.000000e+00,5.630678,300,3562.5,0,7.761231,0,0.465729,0.081166,3.782196
0,138,36.0028,-84.2486,275.8,0.000000e+00,5.659401,300,3562.5,0,17.955492,0,0.465729,0.084372,3.804582
0,139,36.0028,-84.2486,275.8,0.000000e+00,5.725071,300,3562.5,0,7.914491,0,0.465729,0.083577,3.807269
0,140,36.0028,-84.2486,275.8,0.000000e+00,5.767883,300,3562.5,0,29.489596,0,0.465729,0.084379,3.828217
0,141,36.0028,-84.2486,275.8,0.000000e+00,5.76912,300,3562.5,0,0,0,0.465729,0.082629,3.785315
0,142,36.0028,-84.2486,275.8,0.000000e+00,5.686943,300,3562.5,0,1.866713,0,0.465729,0.08476,3.797227
0,143,36.0028,-84.2486,275.8,0.000000e+00,5.641807,300,3562.5,0,0,0,0.465729,0.084956,3.771484
0,144,36.0028,-84.2486,275.8,0.000000e+00,5.616458,300,3562.5,0,0,0,0.465729,0.083444,3.804243
0,145,36.0028,-84.2486,275.8,0.000000e+00,5.628433,300,3562.5,0,0,0,0.465729,0.078904,3.757031
0,146,36.0028,-84.2486,275.8,0.000000e+00,5.683597,300,3562.5,0,4.43846,0,0.465729,0.082654,3.810715
0,147,36.0028,-84.2486,275.8,0.000000e+00,5.63247,300,3562.5,0,3.045008,0,0.465729,0.083177,3.787887
0,148,36.0028,-84.2486,275.8,0.000000e+00,5.58411,300,3562.5,0,7.694145,0,0.465729,0.083199,3.816284
0,149,36.0028,-84.2486,275.8,0.000000e+00,5.554579,300,3562.5,0,2.014323,0,0.465729,0.081652,3.786227
0,150,36.0028,-84.2486,275.8,0.000000e+00,5.528049,300,3562.5,0,5.752248,0,0.465729,0.083936,3.833326
0,151,36.0028,-84.2486,275.8,0.000000e+00,5.58036,300,3562.5,0,8.634842,0,0.465729,0.080757,3.800025
0,152,36.0028,-84.2486,275.8,0.000000e+00,5.609202,300,3562.5,0,0,0,0.465729,0.083078,3.774113
0,153,36.0028,-84.2486,275.8,0.000000e+00,5.60217,300,3562.5,0,0,0,0.465729,0.082075,3.820742
0,154,36.0028,-84.2486,275.8,0.000000e+00,5.644757,300,3562.5,0,0,0,0.465729,0.083513,3.799333
0,155,36.0028,-84.2486,275.8,0.000000e+00,5.657669,300,3562.5,0,12.861386,0,0.465729,0.079845,3.823372
0,156,36.0028,-84.2486,275.8,0.000000e+00,5.728705,300,3562.5,0,0,0,0.465729,0.084736,3.766316
0,157,36.0028,-84.2486,275.8,0.000000e+00,5.711615,300,3562.5,0,0,0,0.465729,0.080981,3.779134
0,158,36.0028,-84.2486,275.8,0.000000e+00,5.701987,300,3562.5,0,0,0,0.465729,0.082548,3.825256
0,159,36.0028,-84.2486,275.8,0.000000e+00,5.667083,300,3562.5,0,0,0,0.465729,0.081749,3.781329
0,160,36.0028,-84.2486,275.8,0.000000e+00,5.719852,300,3562.5,0,0,0,0.465729,0.084026,3.806572
0,161,36.0028,-84.2486,275.8,0.000000e+00,5.77724,300,3562.5,0,6.731979,0,0.465729,0.082615,3.835484
0,162,36.0028,-84.2486,275.8,0.000000e+00,5.769443,300,3562.5,0,7.113877,0,0.465729,0.083678,3.723865
0,163,36.0028,-84.2486,275.8,0.000000e+00,5.725371,300,3562.5,0,6.903121,0,0.465729,0.081991,3.819083
0,164,36.0028,-84.2486,275.8,0.000000e+00,5.765069,300,3562.5,0,0,0,0.465729,0.082473,3.770269
0,165,36.0028,-84.2486,275.8,0.000000e+00,5.785757,300,3562.5,0,13.394185,0,0.465729,0.082539,3.770679
0,166,36.0028,-84.2486,275.8,0.000000e+00,5.772702,300,3562.5,0,27.640576,0,0.465729,0.079908,3.833943
0,167,36.0028,-84.2486,275.8,0.000000e+00,5.779271,300,3562.5,0,32.016961,0,0.465729,0.081281,3.805277
0,168,36.0028,-84.2486,275.8,0.000000e+00,5.820217,300,3562.5,0,0,0,0.465729,0.082592,3.813151
0,169,36.0028,-84.2486,275.8,0.000000e+00,5.745666,300,3562.5,0,18.802056,0,0.465729,0.082273,3.773126
0,170,36.0028,-84.2486,275.8,0.000000e+00,5.744674,300,3562.5,0,6.712967,0,0.465729,0.081993,3.810632
0,171,36.0028,-84.2486,275.8,0.000000e+00,5.77408,300,3562.5,0,18.555904,0,0.465729,0.082015,3.815922
0,172,36.0028,-84.2486,275.8,0.000000e+00,5.763694,300,3562.5,0,20.647795,0,0.465729,0.083795,3.79779
0,173,36.0028,-84.2486,275.8,0.000000e+00,5.765341,300,3562.5,0,20.510246,0,0.465729,0.083396,3.745225
0,174,36.0028,-84.2486,275.8,0.000000e+00,5.72821,300,3562.5,0,6.565567,0,0.465729,0.082708,3.791975
0,175,36.0028,-84.2486,275.8,0.000000e+00,5.655296,300,3562.5,0,12.292453,0,0.465729,0.081836,3.859888
0,176,36.0028,-84.2486,275.8,0.000000e+00,5.648876,300,3562.5,0,13.51968,0,0.465729,0.085318,3.768195
0,177,36.0028,-84.2486,275.8,0.000000e+00,5.673624,300,3562.5,0,0,0,0.465729,0.086811,3.762174
0,178,36.0028,-84.2486,275.8,0.000000e+00,5.658184,300,3562.5,0,32.720359,0,0.465729,0.08082,3.842918
0,179,36.0028,-84.2486,275.8,0.000000e+00,5.714059,300,3562.5,0,20.089144,0,0.465729,0.085002,3.777875
0,180,36.0028,-84.2486,275.8,0.000000e+00,5.721998,300,3562.5,0,6.983867,0,0.465729,0.084277,3.8303
0,181,36.0028,-84.2486,275.8,0.000000e+00,5.607945,300,3562.5,0,7.626412,0,0.465729,0.085435,3.755026
0,182,36.0028,-84.2486,275.8,0.000000e+00,5.63276,300,3562.5,0,13.571279,0,0.465729,0.081861,3.786622
0,183,36.0028,-84.2486,275.8,0.000000e+00,5.68052,300,3562.5,0,13.284242,0,0.465729,0.084972,3.758483
0,184,36.0028,-84.2486,275.8,0.000000e+00,5.647325,300,3562.5,0,13.63637,0,0.465729,0.082216,3.801068
0,185,36.0028,-84.2486,275.8,0.000000e+00,5.615886,300,3562.5,0,6.517097,0,0.465729,0.08143,3.706584
0,186,36.0028,-84.2486,275.8,0.000000e+00,5.593865,300,3562.5,0,5.62907,0,0.465729,0.079748,3.84462
0,187,36.0028,-84.2486,275.8,0.000000e+00,5.620815,300,3562.5,0,24.076401,0,0.465729,0.082815,3.762173
0,188,36.0028,-84.2486,275.8,0.000000e+00,5.602075,300,3562.5,0,0,0,0.465729,0.081397,3.823618
0,189,36.0028,-84.2486,275.8,0.000000e+00,5.630468,300,3562.5,0,0,0,0.465729,0.081297,3.795363
0,190,36.0028,-84.2486,275.8,0.000000e+00,5.631483,300,3562.5,0,13.101422,0,0.465729,0.083007,3.775868
0,191,36.0028,-84.2486,275.8,0.000000e+00,5.650125,300,3562.5,0,6.543939,0,0.465729,0.080972,3.812145
0,192,36.0028,-84.2486,275.8,0.000000e+00,5.620945,300,3562.5,0,0,0,0.465729,0.082416,3.798298
0,193,36.0028,-84.2486,275.8,0.000000e+00,5.674806,300,3562.5,0,6.596524,0,0.465729,0.083234,3.821038
0,194,36.0028,-84.2486,275.8,0.000000e+00,5.651253,300,3562.5,0,0,0,0.465729,0.081604,3.739505
0,195,36.0028,-84.2486,275.8,0.000000e+00,5.67447,300,3562.5,0,0,0,0.465729,0.081089,3.77617
0,196,36.0028,-84.2486,275.8,0.000000e+00,5.698903,300,3562.5,0,8.098576,0,0.465729,0.087039,3.756535
0,197,36.0028,-84.2486,275.8,0.000000e+00,5.66137,300,3562.5,0,0,0,0.465729,0.081104,3.803602
0,198,36.0028,-84.2486,275.8,0.000000e+00,5.597258,300,3562.5,0,7.151278,0,0.465729,0.08478,3.788955
0,199,36.0028,-84.2486,275.8,0.000000e+00,5.586515,300,3562.5,0,0,0,0.465729,0.082912,3.819275
0,200,36.0028,-84.2486,275.8,0.000000e+00,5.555523,300,3562.5,0,0,0,0.465729,0.081753,3.77627
0,201,36.0028,-84.2486,275.8,0.000000e+00,5.588776,300,3562.5,0,18.353296,0,0.465729,0.081713,3.816968
0,202,36.0028,-84.2486,275.8,0.000000e+00,5.563667,300,3562.5,0,14.735397,0,0.465729,0.086469,3.836341
0,203,36.0028,-84.2486,275.8,0.000000e+00,5.485576,300,3562.5,0,14.925211,0,0.465729,0.08409,3.822985
0,204,36.0028,-84.2486,275.8,0.000000e+00,5.496306,300,3562.5,0,36.322575,0,0.465729,0.083459,3.817333
0,205,36.0028,-84.2486,275.8,0.000000e+00,5.530117,300,3562.5,0,0,0,0.465729,0.082406,3.814193
0,206,36.0028,-84.2486,275.8,0.000000e+00,5.413061,300,3562.5,0,6.733067,0,0.465729,0.082302,3.785561
0,207,36.0028,-84.2486,275.8,0.000000e+00,5.457868,300,3562.5,0,7.393926,0,0.465729,0.083502,3.792601
0,208,36.0028,-84.2486,275.8,0.000000e+00,5.480243,300,3562.5,0,0,0,0.465729,0.081605,3.728414
0,209,36.0028,-84.2486,275.8,0.000000e+00,5.38824,300,3562.5,0,35.541199,0,0.465729,0.08284,3.763269
0,210,36.0028,-84.2486,275.8,0.000000e+00,5.414056,300,3562.5,0,0,0,0.465729,0.086035,3.800423
0,211,36.0028,-84.2486,275.8,0.000000e+00,5.430082,300,3562.5,0,8.154218,0,0.465729,0.084901,3.802184
0,212,36.0028,-84.2486,275.8,0.000000e+00,5.491696,300,3562.5,0,14.261725,0,0.465729,0.083865,3.790444
0,213,36.0028,-84.2486,275.8,0.000000e+00,5.473249,300,3562.5,0,21.202689,0,0.465729,0.082504,3.790047
0,214,36.0028,-84.2486,275.8,0.000000e+00,5.415503,300,3562.5,0,0,0,0.465729,0.082698,3.79228
0,215,36.0028,-84.2486,275.8,0.000000e+00,5.401867,300,3562.5,0,0,0,0.465729,0.083412,3.78027
0,216,36.0028,-84.2486,275.8,0.000000e+00,5.40258,300,3562.5,0,0,0,0.465729,0.083858,3.797364
0,217,36.0028,-84.2486,275.8,0.000000e+00,5.378089,300,3562.5,0,7.01314,0,0.465729,0.082097,3.834226
0,218,36.0028,-84.2486,275.8,0.000000e+00,5.435336,300,3562.5,0,12.710659,0,0.465729,0.083816,3.823425
0,219,36.0028,-84.2486,275.8,0.000000e+00,5.451098,300,3562.5,0,13.338764,0,0.465729,0.082172,3.785976
0,220,36.0028,-84.2486,275.8,0.000000e+00,5.409053,300,3562.5,0,33.303305,0,0.465729,0.081175,3.825776
0,221,36.0028,-84.2486,275.8,0.000000e+00,5.384311,300,3562.5,0,6.359665,0,0.465729,0.081749,3.771805
0,222,36.0028,-84.2486,275.8,0.000000e+00,5.411801,300,3562.5,0,15.428905,0,0.465729,0.082913,3.735971
0,223,36.0028,-84.2486,275.8,0.000000e+00,5.340606,300,3562.5,0,0,0,0.465729,0.085825,3.81165
0,224,36.0028,-84.2486,275.8,0.000000e+00,5.398073,300,3562.5,0,0,0,0.465729,0.084832,3.801491
0,225,36.0028,-84.2486,275.8,0.000000e+00,5.391218,300,3562.5,0,17.710292,0,0.465729,0.083209,3.734187
0,226,36.0028,-84.2486,275.8,0.000000e+00,5.421434,300,3562.5,0,0,0,0.465729,0.082094,3.797309
0,227,36.0028,-84.2486,275.8,0.000000e+00,5.475116,300,3562.5,0,8.249636,0,0.465729,0.086379,3.823039
0,228,36.0028,-84.2486,275.8,0.000000e+00,5.454509,300,3562.5,0,41.34773,0,0.465729,0.082429,3.847726
0,229,36.0028,-84.2486,275.8,0.000000e+00,5.429339,300,3562.5,0,15.704944,0,0.465729,0.085358,3.744559
0,230,36.0028,-84.2486,275.8,0.000000e+00,5.489715,300,3562.5,0,14.324566,0,0.465729,0.08335,3.791456
0,231,36.0028,-84.2486,275.8,0.000000e+00,5.460297,300,3562.5,0,21.667153,0,0.465729,0.086043,3.79124
0,232,36.0028,-84.2486,275.8,0.000000e+00,5.463404,300,3562.5,0,0,0,0.465729,0.081633,3.76019
0,233,36.0028,-84.2486,275.8,0.000000e+00,5.435421,300,3562.5,0,2.558243,0,0.465729,0.082918,3.775307
0,234,36.0028,-84.2486,275.8,0.000000e+00,5.490369,300,3562.5,0,3.057808,0,0.465729,0.080262,3.80348
0,235,36.0028,-84.2486,275.8,0.000000e+00,5.47762,300,3562.5,0,0,0,0.465729,0.083868,3.839386
0,236,36.0028,-84.2486,275.8,0.000000e+00,5.486725,300,3562.5,0,0,0,0.465729,0.081781,3.704405
0,237,36.0028,-84.2486,275.8,0.000000e+00,5.439948,300,3562.5,0,12.033112,0,0.465729,0.080669,3.714793
0,238,36.0028,-84.2486,275.8,0.000000e+00,5.479091,300,3562.5,0,9.944123,0,0.465729,0.084164,3.76929
0,239,36.0028,-84.2486,275.8,0.000000e+00,5.459261,300,3562.5,0,10.818558,0,0.465729,0.080769,3.76409
0,240,36.0028,-84.2486,275.8,0.000000e+00,5.513403,300,3562.5,0,0,0,0.465729,0.082073,3.737009
0,241,36.0028,-84.2486,275.8,0.000000e+00,5.474654,300,3562.5,0,12.112662,0,0.465729,0.080762,3.809572
0,242,36.0028,-84.2486,275.8,0.000000e+00,5.441915,300,3562.5,0,9.185437,0,0.465729,0.083018,3.81018
0,243,36.0028,-84.2486,275.8,0.000000e+00,5.408643,300,3562.5,0,0,0,0.465729,0.078131,3.741309
0,244,36.0028,-84.2486,275.8,0.000000e+00,5.366023,300,3562.5,0,0,0,0.465729,0.086828,3.709456
0,245,36.0028,-84.2486,275.8,0.000000e+00,5.434633,300,3562.5,0,1.934972,0,0.465729,0.082795,3.79836
0,246,36.0028,-84.2486,275.8,0.000000e+00,5.433691,300,3562.5,0,8.686318,0,0.465729,0.082259,3.762009
0,247,36.0028,-84.2486,275.8,0.000000e+00,5.443644,300,3562.5,0,1.767063,0,0.465729,0.081901,3.799573
0,248,36.0028,-84.2486,275.8,0.000000e+00,5.420583,300,3562.5,0,3.957342,0,0.465729,0.081246,3.768589
0,249,36.0028,-84.2486,275.8,0.000000e+00,5.457192,300,3562.5,0,0,0,0.465729,0.081028,3.755529
0,250,36.0028,-84.2486,275.8,0.000000e+00,5.51902,300,3562.5,0,14.490082,0,0.465729,0.083847,3.829156
0,251,36.0028,-84.2486,275.8,0.000000e+00,5.423754,300,3562.5,0,27.730355,0,0.465729,0.08113,3.828236
0,252,36.0028,-84.2486,275.8,0.000000e+00,5.448039,300,3562.5,0,0,0,0.465729,0.082228,3.7516
0,253,36.0028,-84.2486,275.8,0.000000e+00,5.465952,300,3562.5,0,4.296869,0,0.465729,0.0846,3.832097
0,254,36.0028,-84.2486,275.8,0.000000e+00,5.444145,300,3562.5,0,0,0,0.465729,0.081736,3.750428
0,255,36.0028,-84.2486,275.8,0.000000e+00,5.491699,300,3562.5,0,0,0,0.465729,0.081356,3.78235
0,256,36.0028,-84.2486,275.8,0.000000e+00,5.499658,300,3562.5,0,12.048434,0,0.465729,0.085829,3.773957
0,257,36.0028,-84.2486,275.8,0.000000e+00,5.480294,300,3562.5,0,11.453331,0,0.465729,0.082229,3.750266
0,258,36.0028,-84.2486,275.8,0.000000e+00,5.380791,300,3562.5,0,16.207148,0,0.465729,0.084619,3.776756
0,259,36.0028,-84.2486,275.8,0.000000e+00,5.351049,300,3562.5,0,0,0,0.465729,0.084708,3.811822
0,260,36.0028,-84.2486,275.8,0.000000e+00,5.346692,300,3562.5,0,0,0,0.465729,0.084408,3.775844
0,261,36.0028,-84.2486,275.8,0.000000e+00,5.373824,300,3562.5,0,0,0,0.465729,0.086652,3.827701
0,262,36.0028,-84.2486,275.8,0.000000e+00,5.408349,300,3562.5,0,0,0,0.465729,0.082533,3.724545
0,263,36.0028,-84.2486,275.8,0.000000e+00,5.432492,300,3562.5,0,0,0,0.465729,0.081295,3.767917
0,264,36.0028,-84.2486,275.8,0.000000e+00,5.379126,300,3562.5,0,0,0,0.465729,0.082057,3.830411
0,265,36.0028,-84.2486,275.8,0.000000e+00,5.417103,300,3562.5,0,38.782277,0,0.465729,0.085222,3.789193
0,266,36.0028,-84.2486,275.8,0.000000e+00,5.389222,300,3562.5,0,0,0,0.465729,0.083625,3.688316
0,267,36.0028,-84.2486,275.8,0.000000e+00,5.435082,300,3562.5,0,7.158216,0,0.465729,0.086298,3.786382
0,268,36.0028,-84.2486,275.8,0.000000e+00,5.384305,300,3562.5,0,0,0,0.465729,0.085008,3.791117
0,269,36.0028,-84.2486,275.8,0.000000e+00,5.382854,300,3562.5,0,0,0,0.465729,0.08378,3.748283
0,270,36.0028,-84.2486,275.8,0.000000e+00,5.336442,300,3562.5,0,0,0,0.465729,0.082814,3.802448
0,271,36.0028,-84.2486,275.8,0.000000e+00,5.380749,300,3562.5,0,0,0,0.465729,0.07886,3.730442
0,272,36.0028,-84.2486,275.8,0.000000e+00,5.40134,300,3562.5,0,0,0,0.465729,0.081222,3.834354
0,273,36.0028,-84.2486,275.8,0.000000e+00,5.392679,300,3562.5,0,7.482281,0,0.465729,0.084397,3.776068
0,274,36.0028,-84.2486,275.8,0.000000e+00,5.399053,300,3562.5,0,0,0,0.465729,0.082195,3.811202
0,275,36.0028,-84.2486,275.8,0.000000e+00,5.440357,300,3562.5,0,0,0,0.465729,0.082766,3.816377
0,276,36.0028,-84.2486,275.8,0.000000e+00,5.404085,300,3562.5,0,0,0,0.465729,0.084153,3.773309
0,277,36.0028,-84.2486,275.8,0.000000e+00,5.369922,300,3562.5,0,0,0,0.465729,0.081075,3.827187
0,278,36.0028,-84.2486,275.8,0.000000e+00,5.398605,300,3562.5,0,0,0,0.465729,0.079972,3.763336
0,279,36.0028,-84.2486,275.8,0.000000e+00,5.430159,300,3562.5,0,7.621395,0,0.465729,0.083385,3.825435
0,280,36.0028,-84.2486,275.8,0.000000e+00,5.419118,300,3562.5,0,0,0,0.465729,0.08532,3.779215
0,281,36.0028,-84.2486,275.8,0.000000e+00,5.403159,300,3562.5,0,13.763326,0,0.465729,0.080617,3.745628
0,282,36.0028,-84.2486,275.8,0.000000e+00,5.450473,300,3562.5,0,16.491843,0,0.465729,0.085811,3.810404
0,283,36.0028,-84.2486,275.8,0.000000e+00,5.467499,300,3562.5,0,8.815697,0,0.465729,0.08541,3.760837
0,284,36.0028,-84.2486,275.8,0.000000e+00,5.415281,300,3562.5,0,9.201379,0,0.465729,0.084062,3.785898
0,285,36.0028,-84.2486,275.8,0.000000e+00,5.447008,300,3562.5,0,6.396091,0,0.465729,0.080798,3.847229
0,286,36.0028,-84.2486,275.8,0.000000e+00,5.44209,300,3562.5,0,3.31497,0,0.465729,0.083126,3.834577
0,287,36.0028,-84.2486,275.8,0.000000e+00,5.477883,300,3562.5,0,0,0,0.465729,0.082081,3.772263
0,288,36.0028,-84.2486,275.8,0.000000e+00,5.485154,300,3562.5,0,0,0,0.465729,0.083189,3.81838
0,289,36.0028,-84.2486,275.8,0.000000e+00,5.457617,300,3562.5,0,4.95954,0,0.465729,0.082779,3.794619
0,290,36.0028,-84.2486,275.8,0.000000e+00,5.471676,300,3562.5,0,16.14794,0,0.465729,0.087188,3.795539
0,291,36.0028,-84.2486,275.8,0.000000e+00,5.384221,300,3562.5,0,0,0,0.465729,0.082471,3.71128
0,292,36.0028,-84.2486,275.8,0.000000e+00,5.413962,300,3562.5,0,0,0,0.465729,0.08351,3.828773
0,293,36.0028,-84.2486,275.8,0.000000e+00,5.455358,300,3562.5,0,1.834206,0,0.465729,0.08292,3.812484
0,294,36.0028,-84.2486,275.8,0.000000e+00,5.434835,300,3562.5,0,8.522141,0,0.465729,0.082109,3.79068
0,295,36.0028,-84.2486,275.8,0.000000e+00,5.392469,300,3562.5,0,4.840786,0,0.465729,0.079274,3.773832
0,296,36.0028,-84.2486,275.8,0.000000e+00,5.438996,300,3562.5,0,0,0,0.465729,0.08715,3.803525
0,297,36.0028,-84.2486,275.8,0.000000e+00,5.481218,300,3562.5,0,16.607559,0,0.465729,0.083944,3.740794
0,298,36.0028,-84.2486,275.8,0.000000e+00,5.494792,300,3562.5,0,5.043158,0,0.465729,0.082921,3.781076
0,299,36.0028,-84.2486,275.8,0.000000e+00,5.446972,300,3562.5,0,7.721032,0,0.465729,0.086657,3.808673
0,300,36.0028,-84.2486,275.8,0.000000e+00,5.497419,300,3562.5,0,0,0,0.465729,0.084547,3.77813
0,301,36.0028,-84.2486,275.8,0.000000e+00,5.384626,300,3562.5,0,18.423913,0,0.465729,0.082868,3.733615
0,302,36.0028,-84.2486,275.8,0.000000e+00,5.382258,300,3562.5,0,8.9336,0,0.465729,0.083786,3.744232
0,303,36.0028,-84.2486,275.8,0.000000e+00,5.348507,300,3562.5,0,10.099451,0,0.465729,0.087211,3.808717
0,304,36.0028,-84.2486,275.8,0.000000e+00,5.335264,300,3562.5,0,0,0,0.465729,0.083105,3.791833
0,305,36.0028,-84.2486,275.8,0.000000e+00,5.346381,300,3562.5,0,7.765429,0,0.465729,0.084701,3.837338
0,306,36.0028,-84.2486,275.8,0.000000e+00,5.32359,300,3562.5,0,7.550734,0,0.465729,0.082709,3.787318
0,307,36.0028,-84.2486,275.8,0.000000e+00,5.351508,300,3562.5,0,21.782326,0,0.465729,0.083918,3.81526
0,308,36.0028,-84.2486,275.8,0.000000e+00,5.405666,300,3562.5,0,0,0,0.465729,0.083265,3.809429
0,309,36.0028,-84.2486,275.8,0.000000e+00,5.365357,300,3562.5,0,15.161642,0,0.465729,0.082589,3.820691
0,310,36.0028,-84.2486,275.8,0.000000e+00,5.323217,300,3562.5,0,5.217847,0,0.465729,0.084744,3.8418
0,311,36.0028,-84.2486,275.8,0.000000e+00,5.344686,300,3562.5,0,0,0,0.465729,0.082927,3.828635
0,312,36.0028,-84.2486,275.8,0.000000e+00,5.388299,300,3562.5,0,0,0,0.465729,0.083302,3.776033
0,313,36.0028,-84.2486,275.8,0.000000e+00,5.359521,300,3562.5,0,7.139778,0,0.465729,0.08329,3.8141
0,314,36.0028,-84.2486,275.8,0.000000e+00,5.411468,300,3562.5,0,0,0,0.465729,0.083087,3.776294
0,315,36.0028,-84.2486,275.8,0.000000e+00,5.381618,300,3562.5,0,19.829874,0,0.465729,0.078842,3.82242
0,316,36.0028,-84.2486,275.8,0.000000e+00,5.401821,300,3562.5,0,16.298716,0,0.465729,0.082975,3.851961
0,317,36.0028,-84.2486,275.8,0.000000e+00,5.382439,300,3562.5,0,0,0,0.465729,0.086443,3.760296
0,318,36.0028,-84.2486,275.8,0.000000e+00,5.400646,300,3562.5,0,16.252318,0,0.465729,0.083756,3.791455
0,319,36.0028,-84.2486,275.8,0.000000e+00,5.41287,300,3562.5,0,8.062306,0,0.465729,0.083069,3.787971
0,320,36.0028,-84.2486,275.8,0.000000e+00,5.460013,300,3562.5,0,0,0,0.465729,0.082479,3.801856
0,321,36.0028,-84.2486,275.8,0.000000e+00,5.385128,300,3562.5,0,0,0,0.465729,0.080831,3.76786
0,322,36.0028,-84.2486,275.8,0.000000e+00,5.386731,300,3562.5,0,7.613951,0,0.465729,0.081329,3.818627
0,323,36.0028,-84.2486,275.8,0.000000e+00,5.366209,300,3562.5,0,49.024609,0,0.465729,0.084283,3.787088
0,324,36.0028,-84.2486,275.8,0.000000e+00,5.309446,300,3562.5,0,16.288692,0,0.465729,0.083354,3.762608
0,325,36.0028,-84.2486,275.8,0.000000e+00,5.331954,300,3562.5,0,9.134954,0,0.465729,0.082953,3.75217
0,326,36.0028,-84.2486,275.8,0.000000e+00,5.321855,300,3562.5,0,0,0,0.465729,0.082259,3.782722
0,327,36.0028,-84.2486,275.8,0.000000e+00,5.316957,300,3562.5,0,0,0,0.465729,0.081549,3.79479
0,328,36.0028,-84.2486,275.8,0.000000e+00,5.305806,300,3562.5,0,0,0,0.465729,0.080685,3.799914
0,329,36.0028,-84.2486,275.8,0.000000e+00,5.32217,300,3562.5,0,24.247559,0,0.465729,0.084474,3.791621
0,330,36.0028,-84.2486,275.8,0.000000e+00,5.381182,300,3562.5,0,7.245616,0,0.465729,0.079243,3.847564
0,331,36.0028,-84.2486,275.8,0.000000e+00,5.418508,300,3562.5,0,6.732157,0,0.465729,0.078906,3.778876
0,332,36.0028,-84.2486,275.8,0.000000e+00,5.440128,300,3562.5,0,30.123964,0,0.465729,0.081135,3.855764
0,333,36.0028,-84.2486,275.8,0.000000e+00,5.419031,300,3562.5,0,0,0,0.465729,0.081671,3.843769
0,334,36.0028,-84.2486,275.8,0.000000e+00,5.442113,300,3562.5,0,0,0,0.465729,0.083552,3.780539
0,335,36.0028,-84.2486,275.8,0.000000e+00,5.447477,300,3562.5,0,12.508365,0,0.465729,0.084895,3.784876
0,336,36.0028,-84.2486,275.8,0.000000e+00,5.415147,300,3562.5,0,0,0,0.465729,0.083537,3.78698
0,337,36.0028,-84.2486,275.8,0.000000e+00,5.357761,300,3562.5,0,0,0,0.465729,0.081229,3.791755
0,338,36.0028,-84.2486,275.8,0.000000e+00,5.367915,300,3562.5,0,0,0,0.465729,0.084399,3.788524
0,339,36.0028,-84.2486,275.8,0.000000e+00,5.31464,300,3562.5,0,3.365953,0,0.465729,0.079156,3.776688
0,340,36.0028,-84.2486,275.8,0.000000e+00,5.371772,300,3562.5,0,3.840281,0,0.465729,0.081162,3.782906
0,341,36.0028,-84.2486,275.8,0.000000e+00,5.33034,300,3562.5,0,0,0,0.465729,0.083231,3.850916
0,342,36.0028,-84.2486,275.8,0.000000e+00,5.306315,300,3562.5,0,0,0,0.465729,0.082914,3.739855
0,343,36.0028,-84.2486,275.8,0.000000e+00,5.32002,300,3562.5,0,0,0,0.465729,0.083446,3.770576
0,344,36.0028,-84.2486,275.8,0.000000e+00,5.322698,300,3562.5,0,0,0,0.465729,0.081894,3.776095
0,345,36.0028,-84.2486,275.8,0.000000e+00,5.308922,300,3562.5,0,0,0,0.465729,0.081908,3.819499
0,346,36.0028,-84.2486,275.8,0.000000e+00,5.350974,300,3562.5,0,0,0,0.465729,0.081757,3.773296
0,347,36.0028,-84.2486,275.8,0.000000e+00,5.339527,300,3562.5,0,6.244649,0,0.465729,0.081198,3.770498
0,348,36.0028,-84.2486,275.8,0.000000e+00,5.340328,300,3562.5,0,0,0,0.465729,0.084245,3.824892
0,349,36.0028,-84.2486,275.8,0.000000e+00,5.358497,300,3562.5,0,0,0,0.465729,0.08176,3.738814
0,350,36.0028,-84.2486,275.8,0.000000e+00,5.314891,300,3562.5,0,7.574516,0,0.465729,0.083276,3.7681
0,351,36.0028,-84.2486,275.8,0.000000e+00,5.352609,300,3562.5,0,33.374943,0,0.465729,0.084402,3.786144
0,352,36.0028,-84.2486,275.8,0.000000e+00,5.31212,300,3562.5,0,14.830973,0,0.465729,0.081848,3.76713
0,353,36.0028,-84.2486,275.8,0.000000e+00,5.294181,300,3562.5,0,6.23697,0,0.465729,0.080301,3.739921
0,354,36.0028,-84.2486,275.8,0.000000e+00,5.242723,300,3562.5,0,15.0747,0,0.465729,0.084086,3.782786
0,355,36.0028,-84.2486,275.8,0.000000e+00,5.253765,300,3562.5,0,16.054612,0,0.465729,0.08343,3.831952
0,356,36.0028,-84.2486,275.8,0.000000e+00,5.185504,300,3562.5,0,0,0,0.465729,0.083507,3.763157
0,357,36.0028,-84.2486,275.8,0.000000e+00,5.183992,300,3562.5,0,0,0,0.465729,0.086394,3.772034
0,358,36.0028,-84.2486,275.8,0.000000e+00,5.232088,300,3562.5,0,0,0,0.465729,0.084084,3.799585
0,359,36.0028,-84.2486,275.8,0.000000e+00,5.263447,300,3562.5,0,16.844918,0,0.465729,0.081447,3.818152
0,360,36.0028,-84.2486,275.8,0.000000e+00,5.280049,300,3562.5,0,0,0,0.465729,0.083814,3.81464
0,361,36.0028,-84.2486,275.8,0.000000e+00,5.267142,300,3562.5,0,0,0,0.465729,0.082224,3.818836
0,362,36.0028,-84.2486,275.8,0.000000e+00,5.239641,300,3562.5,0,45.913498,0,0.465729,0.081701,3.810448
0,363,36.0028,-84.2486,275.8,0.000000e+00,5.22966,300,3562.5,0,0,0,0.465729,0.085823,3.786769
0,364,36.0028,-84.2486,275.8,0.000000e+00,5.181786,300,3562.5,0,0,0,0.465729,0.08279,3.811958
0,365,36.0028,-84.2486,275.8,0.000000e+00,5.204701,300,3562.5,0,15.171994,0,0.465729,0.079501,3.767016
0,366,36.0028,-84.2486,275.8,0.000000e+00,5.185963,300,3562.5,0,30.644222,0,0.465729,0.081999,3.819071
0,367,36.0028,-84.2486,275.8,0.000000e+00,5.257276,300,3562.5,0,28.495363,0,0.465729,0.081895,3.796552
0,368,36.0028,-84.2486,275.8,0.000000e+00,5.292247,300,3562.5,0,17.153327,0,0.465729,0.083686,3.818774
0,369,36.0028,-84.2486,275.8,0.000000e+00,5.207211,300,3562.5,0,0,0,0.465729,0.085124,3.767978
0,370,36.0028,-84.2486,275.8,0.000000e+00,5.153303,300,3562.5,0,9.679966,0,0.465729,0.081793,3.805802
0,371,36.0028,-84.2486,275.8,0.000000e+00,5.229477,300,3562.5,0,8.373925,0,0.465729,0.080136,3.732606
0,372,36.0028,-84.2486,275.8,0.000000e+00,5.230918,300,3562.5,0,0,0,0.465729,0.080804,3.719144
0,373,36.0028,-84.2486,275.8,0.000000e+00,5.216733,300,3562.5,0,20.621412,0,0.465729,0.085,3.777379
0,374,36.0028,-84.2486,275.8,0.000000e+00,5.236981,300,3562.5,0,12.925608,0,0.465729,0.08105,3.793278
0,375,36.0028,-84.2486,275.8,0.000000e+00,5.21949,300,3562.5,0,7.199958,0,0.465729,0.08125,3.776404
0,376,36.0028,-84.2486,275.8,0.000000e+00,5.163997,300,3562.5,0,8.864119,0,0.465729,0.085024,3.817313
0,377,36.0028,-84.2486,275.8,0.000000e+00,5.198578,300,3562.5,0,0,0,0.465729,0.085214,3.77629
0,378,36.0028,-84.2486,275.8,0.000000e+00,5.187194,300,3562.5,0,45.527317,0,0.465729,0.085084,3.816145
0,379,36.0028,-84.2486,275.8,0.000000e+00,5.180817,300,3562.5,0,0,0,0.465729,0.079529,3.83212
0,380,36.0028,-84.2486,275.8,0.000000e+00,5.189001,300,3562.5,0,15.851622,0,0.465729,0.080921,3.835337
0,381,36.0028,-84.2486,275.8,0.000000e+00,5.202624,300,3562.5,0,0,0,0.465729,0.082795,3.773614
0,382,36.0028,-84.2486,275.8,0.000000e+00,5.247555,300,3562.5,0,0,0,0.465729,0.082056,3.795587
0,383,36.0028,-84.2486,275.8,0.000000e+00,5.250408,300,3562.5,0,4.015666,0,0.465729,0.079673,3.775379
0,384,36.0028,-84.2486,275.8,0.000000e+00,5.249607,300,3562.5,0,0,0,0.465729,0.082271,3.767294
0,385,36.0028,-84.2486,275.8,0.000000e+00,5.250912,300,3562.5,0,0,0,0.465729,0.083194,3.779929
0,386,36.0028,-84.2486,275.8,0.000000e+00,5.200665,300,3562.5,0,22.780362,0,0.465729,0.083341,3.734203
0,387,36.0028,-84.2486,275.8,0.000000e+00,5.239421,300,3562.5,0,0,0,0.465729,0.082993,3.760611
0,388,36.0028,-84.2486,275.8,0.000000e+00,5.240596,300,3562.5,0,6.201046,0,0.465729,0.082546,3.80455
0,389,36.0028,-84.2486,275.8,0.000000e+00,5.260452,300,3562.5,0,8.780517,0,0.465729,0.083046,3.793754
0,390,36.0028,-84.2486,275.8,0.000000e+00,5.213035,300,3562.5,0,15.486558,0,0.465729,0.079598,3.769382
0,391,36.0028,-84.2486,275.8,0.000000e+00,5.176453,300,3562.5,0,0,0,0.465729,0.081989,3.774845
0,392,36.0028,-84.2486,275.8,0.000000e+00,5.193157,300,3562.5,0,8.637987,0,0.465729,0.085569,3.742342
0,393,36.0028,-84.2486,275.8,0.000000e+00,5.196216,300,3562.5,0,0,0,0.465729,0.084174,3.730957
0,394,36.0028,-84.2486,275.8,0.000000e+00,5.225154,300,3562.5,0,25.405219,0,0.465729,0.083488,3.797538
0,395,36.0028,-84.2486,275.8,0.000000e+00,5.284962,300,3562.5,0,20.749723,0,0.465729,0.080734,3.787351
0,396,36.0028,-84.2486,275.8,0.000000e+00,5.226712,300,3562.5,0,0,0,0.465729,0.083359,3.736456
0,397,36.0028,-84.2486,275.8,0.000000e+00,5.231513,300,3562.5,0,7.755768,0,0.465729,0.081612,3.824657
0,398,36.0028,-84.2486,275.8,0.000000e+00,5.20296,300,3562.5,0,0,0,0.465729,0.083871,3.781292
0,399,36.0028,-84.2486,275.8,0.000000e+00,5.275116,300,3562.5,0,4.622439,0,0.465729,0.085478,3.770813
0,400,36.0028,-84.2486,275.8,0.000000e+00,5.272661,300,3562.5,0,0,0,0.465729,0.082245,3.748041
0,401,36.0028,-84.2486,275.8,0.000000e+00,5.249213,300,3562.5,0,0,0,0.465729,0.082956,3.775776
0,402,36.0028,-84.2486,275.8,0.000000e+00,5.283442,300,3562.5,0,0,0,0.465729,0.078182,3.788798
0,403,36.0028,-84.2486,275.8,0.000000e+00,5.302404,300,3562.5,0,0,0,0.465729,0.079445,3.716178
0,404,36.0028,-84.2486,275.8,0.000000e+00,5.305572,300,3562.5,0,4.389903,0,0.465729,0.083012,3.814152
0,405,36.0028,-84.2486,275.8,0.000000e+00,5.340662,300,3562.5,0,0,0,0.465729,0.084335,3.812074
0,406,36.0028,-84.2486,275.8,0.000000e+00,5.351816,300,3562.5,0,22.725079,0,0.465729,0.083878,3.826711
0,407,36.0028,-84.2486,275.8,0.000000e+00,5.392534,300,3562.5,0,0,0,0.465729,0.084787,3.79533
0,408,36.0028,-84.2486,275.8,0.000000e+00,5.412265,300,3562.5,0,26.489441,0,0.465729,0.080493,3.831295
0,409,36.0028,-84.2486,275.8,0.000000e+00,5.390787,300,3562.5,0,18.471528,0,0.465729,0.079992,3.76177
0,410,36.0028,-84.2486,275.8,0.000000e+00,5.355058,300,3562.5,0,6.935507,0,0.465729,0.080759,3.761219
0,411,36.0028,-84.2486,275.8,0.000000e+00,5.332648,300,3562.5,0,24.765358,0,0.465729,0.084462,3.771328
0,412,36.0028,-84.2486,275.8,0.000000e+00,5.367651,300,3562.5,0,0,0,0.465729,0.080284,3.744541
0,413,36.0028,-84.2486,275.8,0.000000e+00,5.363055,300,3562.5,0,20.393664,0,0.465729,0.082349,3.866909
0,414,36.0028,-84.2486,275.8,0.000000e+00,5.359548,300,3562.5,0,0,0,0.465729,0.08075,3.820381
0,415,36.0028,-84.2486,275.8,0.000000e+00,5.331591,300,3562.5,0,5.74946,0,0.465729,0.084225,3.865021
0,416,36.0028,-84.2486,275.8,0.000000e+00,5.323143,300,3562.5,0,0,0,0.465729,0.081179,3.777453
0,417,36.0028,-84.2486,275.8,0.000000e+00,5.333285,300,3562.5,0,5.916563,0,0.465729,0.087226,3.846153
0,418,36.0028,-84.2486,275.8,0.000000e+00,5.320076,300,3562.5,0,7.52389,0,0.465729,0.084139,3.841413
0,419,36.0028,-84.2486,275.8,0.000000e+00,5.32889,300,3562.5,0,0,0,0.465729,0.081034,3.764765
0,420,36.0028,-84.2486,275.8,0.000000e+00,5.372167,300,3562.5,0,0,0,0.465729,0.083794,3.761284
0,421,36.0028,-84.2486,275.8,0.000000e+00,5.387974,300,3562.5,0,0,0,0.465729,0.084464,3.828695
0,422,36.0028,-84.2486,275.8,0.000000e+00,5.384973,300,3562.5,0,52.134444,0,0.465729,0.086409,3.838947
0,423,36.0028,-84.2486,275.8,0.000000e+00,5.377433,300,3562.5,0,26.604894,0,0.465729,0.084725,3.789264
0,424,36.0028,-84.2486,275.8,0.000000e+00,5.370728,300,3562.5,0,0,0,0.465729,0.081922,3.798913
0,425,36.0028,-84.2486,275.8,0.000000e+00,5.332509,300,3562.5,0,0,0,0.465729,0.080517,3.846828
0,426,36.0028,-84.2486,275.8,0.000000e+00,5.34023,300,3562.5,0,5.707318,0,0.465729,0.078508,3.798228
0,427,36.0028,-84.2486,275.8,0.000000e+00,5.384626,300,3562.5,0,6.400482,0,0.465729,0.081304,3.776688
0,428,36.0028,-84.2486,275.8,0.000000e+00,5.400102,300,3562.5,0,24.010312,0,0.465729,0.080935,3.813354
0,429,36.0028,-84.2486,275.8,0.000000e+00,5.366829,300,3562.5,0,7.495943,0,0.465729,0.083413,3.737843
0,430,36.0028,-84.2486,275.8,0.000000e+00,5.278293,300,3562.5,0,16.060335,0,0.465729,0.080441,3.762539
0,431,36.0028,-84.2486,275.8,0.000000e+00,5.300977,300,3562.5,0,4.756168,0,0.465729,0.080904,3.790194
0,432,36.0028,-84.2486,275.8,0.000000e+00,5.307714,300,3562.5,0,0,0,0.465729,0.083119,3.78341
0,433,36.0028,-84.2486,275.8,0.000000e+00,5.243502,300,3562.5,0,0,0,0.465729,0.081286,3.815242
0,434,36.0028,-84.2486,275.8,0.000000e+00,5.232295,300,3562.5,0,0,0,0.465729,0.083206,3.789718
0,435,36.0028,-84.2486,275.8,0.000000e+00,5.248945,300,3562.5,0,5.23093,0,0.465729,0.081034,3.783998
0,436,36.0028,-84.2486,275.8,0.000000e+00,5.245093,300,3562.5,0,18.544974,0,0.465729,0.081774,3.77172
0,437,36.0028,-84.2486,275.8,0.000000e+00,5.296973,300,3562.5,0,6.427345,0,0.465729,0.07999,3.795868
0,438,36.0028,-84.2486,275.8,0.000000e+00,5.236804,300,3562.5,0,13.404379,0,0.465729,0.081721,3.759892
0,439,36.0028,-84.2486,275.8,0.000000e+00,5.282123,300,3562.5,0,2.817698,0,0.465729,0.082156,3.819517
0,440,36.0028,-84.2486,275.8,0.000000e+00,5.278774,300,3562.5,0,5.646739,0,0.465729,0.080151,3.850473
0,441,36.0028,-84.2486,275.8,0.000000e+00,5.247819,300,3562.5,0,0,0,0.465729,0.082113,3.863091
0,442,36.0028,-84.2486,275.8,0.000000e+00,5.242361,300,3562.5,0,0,0,0.465729,0.083078,3.757739
0,443,36.0028,-84.2486,275.8,0.000000e+00,5.228244,300,3562.5,0,26.544952,0,0.465729,0.082723,3.809758
0,444,36.0028,-84.2486,275.8,0.000000e+00,5.276937,300,3562.5,0,8.158943,0,0.465729,0.083743,3.84134
0,445,36.0028,-84.2486,275.8,0.000000e+00,5.315867,300,3562.5,0,0,0,0.465729,0.082866,3.758604
0,446,36.0028,-84.2486,275.8,0.000000e+00,5.250943,300,3562.5,0,0,0,0.465729,0.079347,3.822138
0,447,36.0028,-84.2486,275.8,0.000000e+00,5.260145,300,3562.5,0,29.070426,0,0.465729,0.080673,3.779388
0,448,36.0028,-84.2486,275.8,0.000000e+00,5.302101,300,3562.5,0,16.38779,0,0.465729,0.085093,3.791594
0,449,36.0028,-84.2486,275.8,0.000000e+00,5.297157,300,3562.5,0,42.184893,0,0.465729,0.081755,3.804066
0,450,36.0028,-84.2486,275.8,0.000000e+00,5.292669,300,3562.5,0,8.581681,0,0.465729,0.084649,3.799967
0,451,36.0028,-84.2486,275.8,0.000000e+00,5.302695,300,3562.5,0,0,0,0.465729,0.085555,3.763937
0,452,36.0028,-84.2486,275.8,0.000000e+00,5.299879,300,3562.5,0,0,0,0.465729,0.079027,3.808226
0,453,36.0028,-84.2486,275.8,0.000000e+00,5.314151,300,3562.5,0,0,0,0.465729,0.080535,3.852188
0,454,36.0028,-84.2486,275.8,0.000000e+00,5.298675,300,3562.5,0,0,0,0.465729,0.082328,3.745207
0,455,36.0028,-84.2486,275.8,0.000000e+00,5.223181,300,3562.5,0,27.424469,0,0.465729,0.083644,3.791545
0,456,36.0028,-84.2486,275.8,0.000000e+00,5.238811,300,3562.5,0,26.004251,0,0.465729,0.081307,3.796272
0,457,36.0028,-84.2486,275.8,0.000000e+00,5.263997,300,3562.5,0,0,0,0.465729,0.081845,3.818205
0,458,36.0028,-84.2486,275.8,0.000000e+00,5.273025,300,3562.5,0,41.58695,0,0.465729,0.08119,3.841305
0,459,36.0028,-84.2486,275.8,0.000000e+00,5.324339,300,3562.5,0,7.801598,0,0.465729,0.082462,3.752298
0,460,36.0028,-84.2486,275.8,0.000000e+00,5.302656,300,3562.5,0,14.318782,0,0.465729,0.082209,3.79749
0,461,36.0028,-84.2486,275.8,0.000000e+00,5.294824,300,3562.5,0,25.205528,0,0.465729,0.082825,3.827455
0,462,36.0028,-84.2486,275.8,0.000000e+00,5.275522,300,3562.5,0,17.489833,0,0.465729,0.083982,3.836364
0,463,36.0028,-84.2486,275.8,0.000000e+00,5.27327,300,3562.5,0,0,0,0.465729,0.081791,3.74359
0,464,36.0028,-84.2486,275.8,0.000000e+00,5.254811,300,3562.5,0,0,0,0.465729,0.081814,3.781942
0,465,36.0028,-84.2486,275.8,0.000000e+00,5.287774,300,3562.5,0,0,0,0.465729,0.083739,3.801556
0,466,36.0028,-84.2486,275.8,0.000000e+00,5.265663,300,3562.5,0,16.654513,0,0.465729,0.083526,3.76499
0,467,36.0028,-84.2486,275.8,0.000000e+00,5.296162,300,3562.5,0,0,0,0.465729,0.082951,3.774766
0,468,36.0028,-84.2486,275.8,0.000000e+00,5.314494,300,3562.5,0,8.196589,0,0.465729,0.08391,3.733928
0,469,36.0028,-84.2486,275.8,0.000000e+00,5.318471,300,3562.5,0,0,0,0.465729,0.080682,3.798129
0,470,36.0028,-84.2486,275.8,0.000000e+00,5.285,300,3562.5,0,29.312544,0,0.465729,0.084393,3.84309
0,471,36.0028,-84.2486,275.8,0.000000e+00,5.260097,300,3562.5,0,0,0,0.465729,0.084612,3.814879
0,472,36.0028,-84.2486,275.8,0.000000e+00,5.282422,300,3562.5,0,13.891129,0,0.465729,0.08543,3.801676
0,473,36.0028,-84.2486,275.8,0.000000e+00,5.283744,300,3562.5,0,15.269593,0,0.465729,0.084305,3.755795
0,474,36.0028,-84.2486,275.8,0.000000e+00,5.255629,300,3562.5,0,6.553234,0,0.465729,0.082111,3.831943
0,475,36.0028,-84.2486,275.8,0.000000e+00,5.273473,300,3562.5,0,6.562489,0,0.465729,0.081258,3.774601
0,476,36.0028,-84.2486,275.8,0.000000e+00,5.267095,300,3562.5,0,0,0,0.465729,0.082516,3.832719
0,477,36.0028,-84.2486,275.8,0.000000e+00,5.290971,300,3562.5,0,7.999363,0,0.465729,0.083649,3.709508
0,478,36.0028,-84.2486,275.8,0.000000e+00,5.286696,300,3562.5,0,0,0,0.465729,0.081936,3.81761
0,479,36.0028,-84.2486,275.8,0.000000e+00,5.303214,300,3562.5,0,21.433862,0,0.465729,0.082185,3.804543
0,480,36.0028,-84.2486,275.8,0.000000e+00,5.246306,300,3562.5,0,7.611643,0,0.465729,0.082734,3.765721
0,481,36.0028,-84.2486,275.8,0.000000e+00,5.289219,300,3562.5,0,0,0,0.465729,0.080098,3.793364
0,482,36.0028,-84.2486,275.8,0.000000e+00,5.298539,300,3562.5,0,9.271671,0,0.465729,0.083444,3.779901
0,483,36.0028,-84.2486,275.8,0.000000e+00,5.317316,300,3562.5,0,18.732105,0,0.465729,0.085376,3.784168
0,484,36.0028,-84.2486,275.8,0.000000e+00,5.250063,300,3562.5,0,0,0,0.465729,0.08234,3.753341
0,485,36.0028,-84.2486,275.8,0.000000e+00,5.224519,300,3562.5,0,0,0,0.465729,0.07866,3.748683
0,486,36.0028,-84.2486,275.8,0.000000e+00,5.245603,300,3562.5,0,14.952233,0,0.465729,0.080751,3.759886
0,487,36.0028,-84.2486,275.8,0.000000e+00,5.257041,300,3562.5,0,7.441715,0,0.465729,0.080622,3.828634
0,488,36.0028,-84.2486,275.8,0.000000e+00,5.221342,300,3562.5,0,16.728966,0,0.465729,0.083998,3.781744
0,489,36.0028,-84.2486,275.8,0.000000e+00,5.24534,300,3562.5,0,9.167946,0,0.465729,0.082585,3.800792
0,490,36.0028,-84.2486,275.8,0.000000e+00,5.246973,300,3562.5,0,27.727732,0,0.465729,0.08222,3.820042
0,491,36.0028,-84.2486,275.8,0.000000e+00,5.220535,300,3562.5,0,0,0,0.465729,0.081776,3.783933
0,492,36.0028,-84.2486,275.8,0.000000e+00,5.22527,300,3562.5,0,8.474292,0,0.465729,0.081739,3.808369
0,493,36.0028,-84.2486,275.8,0.000000e+00,5.260137,300,3562.5,0,0,0,0.465729,0.080032,3.765872
0,494,36.0028,-84.2486,275.8,0.000000e+00,5.209021,300,3562.5,0,24.55243,0,0.465729,0.083627,3.768979
0,495,36.0028,-84.2486,275.8,0.000000e+00,5.230881,300,3562.5,0,25.771952,0,0.465729,0.082759,3.794039
0,496,36.0028,-84.2486,275.8,0.000000e+00,5.183072,300,3562.5,0,17.751877,0,0.465729,0.083255,3.78506
0,497,36.0028,-84.2486,275.8,0.000000e+00,5.194977,300,3562.5,0,8.872498,0,0.465729,0.081435,3.727199
0,498,36.0028,-84.2486,275.8,0.000000e+00,5.23238,300,3562.5,0,0,0,0.465729,0.08436,3.786145
0,499,36.0028,-84.2486,275.8,0.000000e+00,5.211772,300,3562.5,0,0,0,0.465729,0.081001,3.796237
0,500,36.0028,-84.2486,275.8,0.000000e+00,5.21667,300,3562.5,0,16.637877,0,0.465729,0.08334,3.788457
0,501,36.0028,-84.2486,275.8,0.000000e+00,5.205974,300,3562.5,0,0,0,0.465729,0.082469,3.771262
0,502,36.0028,-84.2486,275.8,0.000000e+00,5.198071,300,3562.5,0,0,0,0.465729,0.081317,3.806702
0,503,36.0028,-84.2486,275.8,0.000000e+00,5.18746,300,3562.5,0,5.175325,0,0.465729,0.084063,3.80368
0,504,36.0028,-84.2486,275.8,0.000000e+00,5.161262,300,3562.5,0,0,0,0.465729,0.081881,3.750828
0,505,36.0028,-84.2486,275.8,0.000000e+00,5.175206,300,3562.5,0,6.3271,0,0.465729,0.08441,3.7464
0,506,36.0028,-84.2486,275.8,0.000000e+00,5.211541,300,3562.5,0,35.060965,0,0.465729,0.08397,3.840116
0,507,36.0028,-84.2486,275.8,0.000000e+00,5.226955,300,3562.5,0,0,0,0.465729,0.084086,3.810309
0,508,36.0028,-84.2486,275.8,0.000000e+00,5.250132,300,3562.5,0,34.164598,0,0.465729,0.083242,3.794193
0,509,36.0028,-84.2486,275.8,0.000000e+00,5.277534,300,3562.5,0,26.388101,0,0.465729,0.082709,3.769622
0,510,36.0028,-84.2486,275.8,0.000000e+00,5.274616,300,3562.5,0,7.245175,0,0.465729,0.081761,3.853167
0,511,36.0028,-84.2486,275.8,0.000000e+00,5.200374,300,3562.5,0,33.004259,0,0.465729,0.082563,3.849076
0,512,36.0028,-84.2486,275.8,0.000000e+00,5.257962,300,3562.5,0,0,0,0.465729,0.083517,3.765119
0,513,36.0028,-84.2486,275.8,0.000000e+00,5.221419,300,3562.5,0,0,0,0.465729,0.083109,3.768243
0,514,36.0028,-84.2486,275.8,0.000000e+00,5.243993,300,3562.5,0,51.240082,0,0.465729,0.08297,3.840238
0,515,36.0028,-84.2486,275.8,0.000000e+00,5.283756,300,3562.5,0,0,0,0.465729,0.081329,3.779296
0,516,36.0028,-84.2486,275.8,0.000000e+00,5.295693,300,3562.5,0,24.358101,0,0.465729,0.083018,3.797373
0,517,36.0028,-84.2486,275.8,0.000000e+00,5.263721,300,3562.5,0,24.189785,0,0.465729,0.082519,3.794951
0,518,36.0028,-84.2486,275.8,0.000000e+00,5.292639,300,3562.5,0,16.43727,0,0.465729,0.083108,3.830051
0,519,36.0028,-84.2486,275.8,0.000000e+00,5.247528,300,3562.5,0,0,0,0.465729,0.081236,3.780899
0,520,36.0028,-84.2486,275.8,0.000000e+00,5.244276,300,3562.5,0,16.977591,0,0.465729,0.084967,3.83621
0,521,36.0028,-84.2486,275.8,0.000000e+00,5.264497,300,3562.5,0,8.942274,0,0.465729,0.085152,3.789002
0,522,36.0028,-84.2486,275.8,0.000000e+00,5.27287,300,3562.5,0,8.160039,0,0.465729,0.082501,3.722431
0,523,36.0028,-84.2486,275.8,0.000000e+00,5.284027,300,3562.5,0,0,0,0.465729,0.084022,3.792353
0,524,36.0028,-84.2486,275.8,0.000000e+00,5.306918,300,3562.5,0,21.578133,0,0.465729,0.081508,3.763675
0,525,36.0028,-84.2486,275.8,0.000000e+00,5.249028,300,3562.5,0,7.012501,0,0.465729,0.082539,3.828816
0,526,36.0028,-84.2486,275.8,0.000000e+00,5.223616,300,3562.5,0,9.39246,0,0.465729,0.085875,3.77865
0,527,36.0028,-84.2486,275.8,0.000000e+00,5.196638,300,3562.5,0,31.676639,0,0.465729,0.08202,3.798537
0,528,36.0028,-84.2486,275.8,0.000000e+00,5.212634,300,3562.5,0,26.009676,0,0.465729,0.083888,3.817011
0,529,36.0028,-84.2486,275.8,0.000000e+00,5.239382,300,3562.5,0,27.590151,0,0.465729,0.083697,3.811059
0,530,36.0028,-84.2486,275.8,0.000000e+00,5.249504,300,3562.5,0,7.941211,0,0.465729,0.084134,3.831586
0,531,36.0028,-84.2486,275.8,0.000000e+00,5.302875,300,3562.5,0,7.776585,0,0.465729,0.081873,3.785188
0,532,36.0028,-84.2486,275.8,0.000000e+00,5.306269,300,3562.5,0,0,0,0.465729,0.083823,3.791399
0,533,36.0028,-84.2486,275.8,0.000000e+00,5.2833,300,3562.5,0,0,0,0.465729,0.083144,3.798744
0,534,36.0028,-84.2486,275.8,0.000000e+00,5.270379,300,3562.5,0,0,0,0.465729,0.08219,3.71081
0,535,36.0028,-84.2486,275.8,0.000000e+00,5.272966,300,3562.5,0,0,0,0.465729,0.080816,3.762654
0,536,36.0028,-84.2486,275.8,0.000000e+00,5.33709,300,3562.5,0,6.441617,0,0.465729,0.08088,3.795249
0,537,36.0028,-84.2486,275.8,0.000000e+00,5.317015,300,3562.5,0,12.45858,0,0.465729,0.08074,3.826331
0,538,36.0028,-84.2486,275.8,0.000000e+00,5.283483,300,3562.5,0,0,0,0.465729,0.081412,3.804097
0,539,36.0028,-84.2486,275.8,0.000000e+00,5.282074,300,3562.5,0,0,0,0.465729,0.083982,3.783682
0,540,36.0028,-84.2486,275.8,0.000000e+00,5.257972,300,3562.5,0,10.215816,0,0.465729,0.086441,3.727113
0,541,36.0028,-84.2486,275.8,0.000000e+00,5.252876,300,3562.5,0,0,0,0.465729,0.081686,3.735703
0,542,36.0028,-84.2486,275.8,0.000000e+00,5.245839,300,3562.5,0,29.543023,0,0.465729,0.085445,3.809717
0,543,36.0028,-84.2486,275.8,0.000000e+00,5.207901,300,3562.5,0,0,0,0.465729,0.081887,3.805056
0,544,36.0028,-84.2486,275.8,0.000000e+00,5.218023,300,3562.5,0,3.680588,0,0.465729,0.079445,3.831183
0,545,36.0028,-84.2486,275.8,0.000000e+00,5.250449,300,3562.5,0,0,0,0.465729,0.084454,3.812018
0,546,36.0028,-84.2486,275.8,0.000000e+00,5.207562,300,3562.5,0,8.75195,0,0.465729,0.078139,3.806709
0,547,36.0028,-84.2486,275.8,0.000000e+00,5.284146,300,3562.5,0,6.348644,0,0.465729,0.08333,3.83265
0,548,36.0028,-84.2486,275.8,0.000000e+00,5.240177,300,3562.5,0,1.948,0,0.465729,0.08375,3.791021
0,549,36.0028,-84.2486,275.8,0.000000e+00,5.227371,300,3562.5,0,0,0,0.465729,0.081302,3.793944
0,550,36.0028,-84.2486,275.8,0.000000e+00,5.207337,300,3562.5,0,3.464271,0,0.465729,0.08553,3.837904
0,551,36.0028,-84.2486,275.8,0.000000e+00,5.257086,300,3562.5,0,1.536533,0,0.465729,0.081907,3.797332
0,552,36.0028,-84.2486,275.8,0.000000e+00,5.252527,300,3562.5,0,5.519699,0,0.465729,0.083236,3.706589
0,553,36.0028,-84.2486,275.8,0.000000e+00,5.284705,300,3562.5,0,12.787271,0,0.465729,0.083093,3.726416
0,554,36.0028,-84.2486,275.8,0.000000e+00,5.242344,300,3562.5,0,5.662231,0,0.465729,0.086649,3.763913
0,555,36.0028,-84.2486,275.8,0.000000e+00,5.240689,300,3562.5,0,0,0,0.465729,0.085238,3.724267
0,556,36.0028,-84.2486,275.8,0.000000e+00,5.23365,300,3562.5,0,17.616293,0,0.465729,0.086736,3.788062
0,557,36.0028,-84.2486,275.8,0.000000e+00,5.275706,300,3562.5,0,0,0,0.465729,0.083902,3.749657
0,558,36.0028,-84.2486,275.8,0.000000e+00,5.303421,300,3562.5,0,0,0,0.465729,0.082798,3.797097
0,559,36.0028,-84.2486,275.8,0.000000e+00,5.340048,300,3562.5,0,8.176259,0,0.465729,0.084103,3.776404
0,560,36.0028,-84.2486,275.8,0.000000e+00,5.338958,300,3562.5,0,14.390565,0,0.465729,0.080349,3.847441
0,561,36.0028,-84.2486,275.8,0.000000e+00,5.340409,300,3562.5,0,23.945616,0,0.465729,0.084696,3.787199
0,562,36.0028,-84.2486,275.8,0.000000e+00,5.331911,300,3562.5,0,7.43243,0,0.465729,0.081042,3.84585
0,563,36.0028,-84.2486,275.8,0.000000e+00,5.268873,300,3562.5,0,0,0,0.465729,0.085858,3.757328
0,564,36.0028,-84.2486,275.8,0.000000e+00,5.237183,300,3562.5,0,0,0,0.465729,0.082658,3.759679
0,565,36.0028,-84.2486,275.8,0.000000e+00,5.238194,300,3562.5,0,7.047494,0,0.465729,0.082515,3.811846
0,566,36.0028,-84.2486,275.8,0.000000e+00,5.261915,300,3562.5,0,0,0,0.465729,0.082732,3.733116
0,567,36.0028,-84.2486,275.8,0.000000e+00,5.253685,300,3562.5,0,0,0,0.465729,0.082695,3.759221
0,568,36.0028,-84.2486,275.8,0.000000e+00,5.250558,300,3562.5,0,11.215258,0,0.465729,0.08044,3.817865
0,569,36.0028,-84.2486,275.8,0.000000e+00,5.248894,300,3562.5,0,24.85477,0,0.465729,0.085585,3.778796
0,570,36.0028,-84.2486,275.8,0.000000e+00,5.24174,300,3562.5,0,0,0,0.465729,0.083031,3.772572
0,571,36.0028,-84.2486,275.8,0.000000e+00,5.271384,300,3562.5,0,0,0,0.465729,0.084259,3.829873
0,572,36.0028,-84.2486,275.8,0.000000e+00,5.258964,300,3562.5,0,14.865331,0,0.465729,0.081566,3.79159
0,573,36.0028,-84.2486,275.8,0.000000e+00,5.215104,300,3562.5,0,0,0,0.465729,0.082341,3.858064
0,574,36.0028,-84.2486,275.8,0.000000e+00,5.217629,300,3562.5,0,0,0,0.465729,0.081724,3.778019
0,575,36.0028,-84.2486,275.8,0.000000e+00,5.233023,300,3562.5,0,8.224249,0,0.465729,0.083893,3.831386
0,576,36.0028,-84.2486,275.8,0.000000e+00,5.235215,300,3562.5,0,0,0,0.465729,0.082672,3.783851
0,577,36.0028,-84.2486,275.8,0.000000e+00,5.265302,300,3562.5,0,0,0,0.465729,0.082216,3.778224
0,578,36.0028,-84.2486,275.8,0.000000e+00,5.249693,300,3562.5,0,0,0,0.465729,0.083408,3.799152
0,579,36.0028,-84.2486,275.8,0.000000e+00,5.22377,300,3562.5,0,0,0,0.465729,0.080637,3.755466
0,580,36.0028,-84.2486,275.8,0.000000e+00,5.23362,300,3562.5,0,0,0,0.465729,0.081556,3.821581
0,581,36.0028,-84.2486,275.8,0.000000e+00,5.271785,300,3562.5,0,23.581204,0,0.465729,0.083291,3.79959
0,582,36.0028,-84.2486,275.8,0.000000e+00,5.245536,300,3562.5,0,16.859968,0,0.465729,0.082711,3.794491
0,583,36.0028,-84.2486,275.8,0.000000e+00,5.279963,300,3562.5,0,23.804276,0,0.465729,0.08429,3.735551
0,584,36.0028,-84.2486,275.8,0.000000e+00,5.273276,300,3562.5,0,36.279802,0,0.465729,0.080724,3.790584
0,585,36.0028,-84.2486,275.8,0.000000e+00,5.274068,300,3562.5,0,8.85379,0,0.465729,0.082754,3.779567
0,586,36.0028,-84.2486,275.8,0.000000e+00,5.256916,300,3562.5,0,39.641314,0,0.465729,0.082688,3.770273
0,587,36.0028,-84.2486,275.8,0.000000e+00,5.220434,300,3562.5,0,0,0,0.465729,0.085043,3.850489
0,588,36.0028,-84.2486,275.8,0.000000e+00,5.242742,300,3562.5,0,16.156277,0,0.465729,0.081006,3.752066
0,589,36.0028,-84.2486,275.8,0.000000e+00,5.239803,300,3562.5,0,14.811699,0,0.465729,0.080974,3.774427
0,590,36.0028,-84.2486,275.8,0.000000e+00,5.200907,300,3562.5,0,55.054334,0,0.465729,0.085286,3.770872
0,591,36.0028,-84.2486,275.8,0.000000e+00,5.193208,300,3562.5,0,0,0,0.465729,0.085442,3.745425
0,592,36.0028,-84.2486,275.8,0.000000e+00,5.18941,300,3562.5,0,0,0,0.465729,0.081835,3.775551
0,593,36.0028,-84.2486,275.8,0.000000e+00,5.192401,300,3562.5,0,16.166841,0,0.465729,0.082552,3.809507
0,594,36.0028,-84.2486,275.8,0.000000e+00,5.221688,300,3562.5,0,23.120352,0,0.465729,0.086733,3.82416
0,595,36.0028,-84.2486,275.8,0.000000e+00,5.150425,300,3562.5,0,30.479559,0,0.465729,0.086581,3.82965
0,596,36.0028,-84.2486,275.8,0.000000e+00,5.174408,300,3562.5,0,7.366851,0,0.465729,0.081283,3.813489
0,597,36.0028,-84.2486,275.8,0.000000e+00,5.195792,300,3562.5,0,7.639347,0,0.465729,0.082188,3.758966
0,598,36.0028,-84.2486,275.8,0.000000e+00,5.191621,300,3562.5,0,0,0,0.465729,0.084617,3.823574
0,599,36.0028,-84.2486,275.8,0.000000e+00,5.197774,300,3562.5,0,10.857151,0,0.465729,0.085621,3.733995
0,600,36.0028,-84.2486,275.8,0.000000e+00,5.185121,300,3562.5,0,0,0,0.465729,0.081915,3.763711
0,601,36.0028,-84.2486,275.8,0.000000e+00,5.204724,300,3562.5,0,28.641547,0,0.465729,0.083178,3.791262
0,602,36.0028,-84.2486,275.8,0.000000e+00,5.176792,300,3562.5,0,0,0,0.465729,0.085686,3.826411
0,603,36.0028,-84.2486,275.8,0.000000e+00,5.17538,300,3562.5,0,0,0,0.465729,0.083207,3.784129
0,604,36.0028,-84.2486,275.8,0.000000e+00,5.173899,300,3562.5,0,0,0,0.465729,0.081344,3.850216
0,605,36.0028,-84.2486,275.8,0.000000e+00,5.185457,300,3562.5,0,22.698913,0,0.465729,0.081246,3.84241
0,606,36.0028,-84.2486,275.8,0.000000e+00,5.205461,300,3562.5,0,0,0,0.465729,0.086779,3.777327
0,607,36.0028,-84.2486,275.8,0.000000e+00,5.225747,300,3562.5,0,9.951372,0,0.465729,0.083636,3.781791
0,608,36.0028,-84.2486,275.8,0.000000e+00,5.197529,300,3562.5,0,15.834964,0,0.465729,0.081976,3.768237
0,609,36.0028,-84.2486,275.8,0.000000e+00,5.158971,300,3562.5,0,0,0,0.465729,0.081872,3.793541
0,610,36.0028,-84.2486,275.8,0.000000e+00,5.183353,300,3562.5,0,7.234758,0,0.465729,0.084049,3.766799
0,611,36.0028,-84.2486,275.8,0.000000e+00,5.108141,300,3562.5,0,0,0,0.465729,0.085311,3.816881
0,612,36.0028,-84.2486,275.8,0.000000e+00,5.075054,300,3562.5,0,4.044839,0,0.465729,0.0839,3.793539
0,613,36.0028,-84.2486,275.8,0.000000e+00,5.108707,300,3562.5,0,4.599877,0,0.465729,0.081274,3.791718
0,614,36.0028,-84.2486,275.8,0.000000e+00,5.127536,300,3562.5,0,6.250656,0,0.465729,0.083529,3.748045
0,615,36.0028,-84.2486,275.8,0.000000e+00,5.118358,300,3562.5,0,0,0,0.465729,0.084134,3.781755
0,616,36.0028,-84.2486,275.8,0.000000e+00,5.073765,300,3562.5,0,6.864796,0,0.465729,0.084122,3.79224
0,617,36.0028,-84.2486,275.8,0.000000e+00,5.126698,300,3562.5,0,0,0,0.465729,0.082829,3.828095
0,618,36.0028,-84.2486,275.8,0.000000e+00,5.133985,300,3562.5,0,2.456592,0,0.465729,0.080754,3.832632
0,619,36.0028,-84.2486,275.8,0.000000e+00,5.148365,300,3562.5,0,2.191197,0,0.465729,0.083417,3.783693
0,620,36.0028,-84.2486,275.8,0.000000e+00,5.175682,300,3562.5,0,1.865315,0,0.465729,0.080727,3.796283
0,621,36.0028,-84.2486,275.8,0.000000e+00,5.221335,300,3562.5,0,0,0,0.465729,0.08194,3.788774
0,622,36.0028,-84.2486,275.8,0.000000e+00,5.153498,300,3562.5,0,17.659902,0,0.465729,0.083061,3.786745
0,623,36.0028,-84.2486,275.8,0.000000e+00,5.167908,300,3562.5,0,22.108986,0,0.465729,0.08105,3.798851
0,624,36.0028,-84.2486,275.8,0.000000e+00,5.134593,300,3562.5,0,19.577998,0,0.465729,0.080794,3.768378
0,625,36.0028,-84.2486,275.8,0.000000e+00,5.099133,300,3562.5,0,14.782614,0,0.465729,0.082988,3.755716
0,626,36.0028,-84.2486,275.8,0.000000e+00,5.131836,300,3562.5,0,0,0,0.465729,0.08418,3.824369
0,627,36.0028,-84.2486,275.8,0.000000e+00,5.071276,300,3562.5,0,5.873739,0,0.465729,0.084729,3.790162
0,628,36.0028,-84.2486,275.8,0.000000e+00,5.119031,300,3562.5,0,2.12751,0,0.465729,0.08358,3.787778
0,629,36.0028,-84.2486,275.8,0.000000e+00,5.122872,300,3562.5,0,3.814696,0,0.465729,0.081632,3.819931
0,630,36.0028,-84.2486,275.8,0.000000e+00,5.105487,300,3562.5,0,2.189852,0,0.465729,0.081873,3.796528
0,631,36.0028,-84.2486,275.8,0.000000e+00,5.113576,300,3562.5,0,0,0,0.465729,0.083384,3.758315
0,632,36.0028,-84.2486,275.8,0.000000e+00,5.182861,300,3562.5,0,0,0,0.465729,0.082464,3.722571
0,633,36.0028,-84.2486,275.8,0.000000e+00,5.208977,300,3562.5,0,0,0,0.465729,0.082473,3.846105
0,634,36.0028,-84.2486,275.8,0.000000e+00,5.219831,300,3562.5,0,7.802675,0,0.465729,0.081803,3.795876
0,635,36.0028,-84.2486,275.8,0.000000e+00,5.231644,300,3562.5,0,10.273518,0,0.465729,0.084052,3.787764
0,636,36.0028,-84.2486,275.8,0.000000e+00,5.242337,300,3562.5,0,0,0,0.465729,0.080625,3.814346
0,637,36.0028,-84.2486,275.8,0.000000e+00,5.246316,300,3562.5,0,15.448496,0,0.465729,0.083791,3.790437
0,638,36.0028,-84.2486,275.8,0.000000e+00,5.221783,300,3562.5,0,7.778255,0,0.465729,0.084106,3.830474
0,639,36.0028,-84.2486,275.8,0.000000e+00,5.270952,300,3562.5,0,0,0,0.465729,0.082444,3.809144
0,640,36.0028,-84.2486,275.8,0.000000e+00,5.231632,300,3562.5,0,7.52068,0,0.465729,0.082855,3.779208
0,641,36.0028,-84.2486,275.8,0.000000e+00,5.255802,300,3562.5,0,16.416428,0,0.465729,0.083108,3.805023
0,642,36.0028,-84.2486,275.8,0.000000e+00,5.221011,300,3562.5,0,0,0,0.465729,0.083845,3.766447
0,643,36.0028,-84.2486,275.8,0.000000e+00,5.192496,300,3562.5,0,0,0,0.465729,0.079695,3.842115
0,644,36.0028,-84.2486,275.8,0.000000e+00,5.167836,300,3562.5,0,8.347836,0,0.465729,0.08327,3.815296
0,645,36.0028,-84.2486,275.8,0.000000e+00,5.197624,300,3562.5,0,0,0,0.465729,0.084397,3.776054
0,646,36.0028,-84.2486,275.8,0.000000e+00,5.172252,300,3562.5,0,8.426862,0,0.465729,0.082408,3.798558
0,647,36.0028,-84.2486,275.8,0.000000e+00,5.14429,300,3562.5,0,0,0,0.465729,0.081897,3.72476
0,648,36.0028,-84.2486,275.8,0.000000e+00,5.195535,300,3562.5,0,8.710095,0,0.465729,0.082351,3.786337
0,649,36.0028,-84.2486,275.8,0.000000e+00,5.127605,300,3562.5,0,16.560146,0,0.465729,0.083791,3.782996
0,650,36.0028,-84.2486,275.8,0.000000e+00,5.148854,300,3562.5,0,24.345082,0,0.465729,0.080581,3.773455
0,651,36.0028,-84.2486,275.8,0.000000e+00,5.200951,300,3562.5,0,0,0,0.465729,0.082064,3.79301
0,652,36.0028,-84.2486,275.8,0.000000e+00,5.178831,300,3562.5,0,18.004743,0,0.465729,0.081458,3.798148
0,653,36.0028,-84.2486,275.8,0.000000e+00,5.171224,300,3562.5,0,0,0,0.465729,0.082706,3.74973
0,654,36.0028,-84.2486,275.8,0.000000e+00,5.185686,300,3562.5,0,0,0,0.465729,0.080591,3.765254
0,655,36.0028,-84.2486,275.8,0.000000e+00,5.138559,300,3562.5,0,10.802253,0,0.465729,0.084726,3.760666
0,656,36.0028,-84.2486,275.8,0.000000e+00,5.123491,300,3562.5,0,0,0,0.465729,0.08304,3.848305
0,657,36.0028,-84.2486,275.8,0.000000e+00,5.139778,300,3562.5,0,0,0,0.465729,0.081726,3.799479
0,658,36.0028,-84.2486,275.8,0.000000e+00,5.14668,300,3562.5,0,32.413505,0,0.465729,0.084782,3.815952
0,659,36.0028,-84.2486,275.8,0.000000e+00,5.157247,300,3562.5,0,14.321828,0,0.465729,0.084918,3.782788
0,660,36.0028,-84.2486,275.8,0.000000e+00,5.159023,300,3562.5,0,20.921135,0,0.465729,0.082683,3.791815
0,661,36.0028,-84.2486,275.8,0.000000e+00,5.153395,300,3562.5,0,0,0,0.465729,0.082383,3.845137
0,662,36.0028,-84.2486,275.8,0.000000e+00,5.1543,300,3562.5,0,6.044441,0,0.465729,0.080022,3.796258
0,663,36.0028,-84.2486,275.8,0.000000e+00,5.129068,300,3562.5,0,18.667793,0,0.465729,0.082829,3.845597
0,664,36.0028,-84.2486,275.8,0.000000e+00,5.141254,300,3562.5,0,0,0,0.465729,0.084424,3.803508
0,665,36.0028,-84.2486,275.8,0.000000e+00,5.147845,300,3562.5,0,18.919287,0,0.465729,0.083564,3.772638
0,666,36.0028,-84.2486,275.8,0.000000e+00,5.157252,300,3562.5,0,0,0,0.465729,0.084879,3.761128
0,667,36.0028,-84.2486,275.8,0.000000e+00,5.198844,300,3562.5,0,7.785481,0,0.465729,0.081108,3.804113
0,668,36.0028,-84.2486,275.8,0.000000e+00,5.175932,300,3562.5,0,0,0,0.465729,0.08304,3.773407
0,669,36.0028,-84.2486,275.8,0.000000e+00,5.1435,300,3562.5,0,10.990008,0,0.465729,0.079159,3.848277
0,670,36.0028,-84.2486,275.8,0.000000e+00,5.14868,300,3562.5,0,0,0,0.465729,0.082705,3.747127
0,671,36.0028,-84.2486,275.8,0.000000e+00,5.135859,300,3562.5,0,5.343832,0,0.465729,0.08257,3.805818
0,672,36.0028,-84.2486,275.8,0.000000e+00,5.127672,300,3562.5,0,7.930519,0,0.465729,0.080156,3.791322
0,673,36.0028,-84.2486,275.8,0.000000e+00,5.066677,300,3562.5,0,0,0,0.465729,0.084791,3.754097
0,674,36.0028,-84.2486,275.8,0.000000e+00,5.113421,300,3562.5,0,5.086617,0,0.465729,0.084897,3.80591
0,675,36.0028,-84.2486,275.8,0.000000e+00,5.100171,300,3562.5,0,15.126109,0,0.465729,0.083104,3.799937
0,676,36.0028,-84.2486,275.8,0.000000e+00,5.140021,300,3562.5,0,11.068707,0,0.465729,0.082113,3.774181
0,677,36.0028,-84.2486,275.8,0.000000e+00,5.117825,300,3562.5,0,0,0,0.465729,0.081849,3.818232
0,678,36.0028,-84.2486,275.8,0.000000e+00,5.174089,300,3562.5,0,0,0,0.465729,0.081528,3.78076
0,679,36.0028,-84.2486,275.8,0.000000e+00,5.182847,300,3562.5,0,14.398914,0,0.465729,0.080903,3.858571
0,680,36.0028,-84.2486,275.8,0.000000e+00,5.200645,300,3562.5,0,10.798118,0,0.465729,0.081615,3.838731
0,681,36.0028,-84.2486,275.8,0.000000e+00,5.235935,300,3562.5,0,0,0,0.465729,0.083385,3.786554
0,682,36.0028,-84.2486,275.8,0.000000e+00,5.221108,300,3562.5,0,0,0,0.465729,0.081306,3.752509
0,683,36.0028,-84.2486,275.8,0.000000e+00,5.202606,300,3562.5,0,26.729931,0,0.465729,0.084561,3.827978
0,684,36.0028,-84.2486,275.8,0.000000e+00,5.212655,300,3562.5,0,0,0,0.465729,0.08185,3.797467
0,685,36.0028,-84.2486,275.8,0.000000e+00,5.222392,300,3562.5,0,0,0,0.465729,0.083596,3.786796
0,686,36.0028,-84.2486,275.8,0.000000e+00,5.21688,300,3562.5,0,13.602421,0,0.465729,0.07896,3.723451
0,687,36.0028,-84.2486,275.8,0.000000e+00,5.211539,300,3562.5,0,21.179225,0,0.465729,0.081756,3.767696
0,688,36.0028,-84.2486,275.8,0.000000e+00,5.194019,300,3562.5,0,0,0,0.465729,0.085277,3.708429
0,689,36.0028,-84.2486,275.8,0.000000e+00,5.247084,300,3562.5,0,11.902652,0,0.465729,0.085537,3.719362
0,690,36.0028,-84.2486,275.8,0.000000e+00,5.203938,300,3562.5,0,0,0,0.465729,0.082101,3.796787
0,691,36.0028,-84.2486,275.8,0.000000e+00,5.208516,300,3562.5,0,2.904644,0,0.465729,0.0851,3.76966
0,692,36.0028,-84.2486,275.8,0.000000e+00,5.206625,300,3562.5,0,0,0,0.465729,0.083341,3.786255
0,693,36.0028,-84.2486,275.8,0.000000e+00,5.213369,300,3562.5,0,0,0,0.465729,0.083114,3.807116
0,694,36.0028,-84.2486,275.8,0.000000e+00,5.252777,300,3562.5,0,0,0,0.465729,0.079692,3.778544
0,695,36.0028,-84.2486,275.8,0.000000e+00,5.218402,300,3562.5,0,22.625946,0,0.465729,0.084088,3.759425
0,696,36.0028,-84.2486,275.8,0.000000e+00,5.272244,300,3562.5,0,21.620103,0,0.465729,0.081749,3.824736
0,697,36.0028,-84.2486,275.8,0.000000e+00,5.280795,300,3562.5,0,0,0,0.465729,0.080783,3.776519
0,698,36.0028,-84.2486,275.8,0.000000e+00,5.278258,300,3562.5,0,0,0,0.465729,0.080796,3.739609
0,699,36.0028,-84.2486,275.8,0.000000e+00,5.280118,300,3562.5,0,18.249423,0,0.465729,0.085168,3.776399
0,700,36.0028,-84.2486,275.8,0.000000e+00,5.30488,300,3562.5,0,8.173245,0,0.465729,0.083122,3.801596
0,701,36.0028,-84.2486,275.8,0.000000e+00,5.323201,300,3562.5,0,7.442842,0,0.465729,0.082021,3.799405
0,702,36.0028,-84.2486,275.8,0.000000e+00,5.30842,300,3562.5,0,0,0,0.465729,0.080305,3.807285
0,703,36.0028,-84.2486,275.8,0.000000e+00,5.246378,300,3562.5,0,22.805974,0,0.465729,0.083312,3.819755
0,704,36.0028,-84.2486,275.8,0.000000e+00,5.227378,300,3562.5,0,0,0,0.465729,0.082158,3.780808
0,705,36.0028,-84.2486,275.8,0.000000e+00,5.23929,300,3562.5,0,38.735101,0,0.465729,0.08222,3.756241
0,706,36.0028,-84.2486,275.8,0.000000e+00,5.243361,300,3562.5,0,8.814558,0,0.465729,0.082728,3.817327
0,707,36.0028,-84.2486,275.8,0.000000e+00,5.238743,300,3562.5,0,0,0,0.465729,0.079974,3.807563
0,708,36.0028,-84.2486,275.8,0.000000e+00,5.244103,300,3562.5,0,8.309122,0,0.465729,0.080432,3.795114
0,709,36.0028,-84.2486,275.8,0.000000e+00,5.258998,300,3562.5,0,0,0,0.465729,0.084263,3.794268
0,710,36.0028,-84.2486,275.8,0.000000e+00,5.254175,300,3562.5,0,0,0,0.465729,0.08337,3.76958
0,711,36.0028,-84.2486,275.8,0.000000e+00,5.229758,300,3562.5,0,0,0,0.465729,0.084329,3.785008
0,712,36.0028,-84.2486,275.8,0.000000e+00,5.246514,300,3562.5,0,8.731215,0,0.465729,0.083187,3.808345
0,713,36.0028,-84.2486,275.8,0.000000e+00,5.207946,300,3562.5,0,6.821829,0,0.465729,0.081292,3.736458
0,714,36.0028,-84.2486,275.8,0.000000e+00,5.228188,300,3562.5,0,0,0,0.465729,0.088464,3.800774
0,715,36.0028,-84.2486,275.8,0.000000e+00,5.248237,300,3562.5,0,0,0,0.465729,0.079684,3.779367
0,716,36.0028,-84.2486,275.8,0.000000e+00,5.280941,300,3562.5,0,0,0,0.465729,0.081924,3.779899
0,717,36.0028,-84.2486,275.8,0.000000e+00,5.25641,300,3562.5,0,0,0,0.465729,0.086628,3.768563
0,718,36.0028,-84.2486,275.8,0.000000e+00,5.232607,300,3562.5,0,8.061121,0,0.465729,0.082905,3.768781
0,719,36.0028,-84.2486,275.8,0.000000e+00,5.252439,300,3562.5,0,0,0,0.465729,0.083181,3.84651
0,720,36.0028,-84.2486,275.8,0.000000e+00,5.267017,300,3562.5,0,0,0,0.465729,0.083916,3.796837
0,721,36.0028,-84.2486,275.8,0.000000e+00,5.267511,300,3562.5,0,0,0,0.465729,0.085616,3.716947
0,722,36.0028,-84.2486,275.8,0.000000e+00,5.315412,300,3562.5,0,0,0,0.465729,0.082952,3.800903
0,723,36.0028,-84.2486,275.8,0.000000e+00,5.333061,300,3562.5,0,23.019536,0,0.465729,0.083761,3.77245
0,724,36.0028,-84.2486,275.8,0.000000e+00,5.348913,300,3562.5,0,56.496472,0,0.465729,0.084824,3.78212
0,725,36.0028,-84.2486,275.8,0.000000e+00,5.322508,300,3562.5,0,22.925121,0,0.465729,0.081979,3.822085
0,726,36.0028,-84.2486,275.8,0.000000e+00,5.30505,300,3562.5,0,0,0,0.465729,0.082456,3.816801
0,727,36.0028,-84.2486,275.8,0.000000e+00,5.27308,300,3562.5,0,30.218253,0,0.465729,0.086,3.786332
0,728,36.0028,-84.2486,275.8,0.000000e+00,5.224039,300,3562.5,0,0,0,0.465729,0.083963,3.71219
0,729,36.0028,-84.2486,275.8,0.000000e+00,5.231196,300,3562.5,0,0,0,0.465729,0.08304,3.814881
0,730,36.0028,-84.2486,275.8,0.000000e+00,5.272983,300,3562.5,0,7.330207,0,0.465729,0.08568,3.824179
0,731,36.0028,-84.2486,275.8,0.000000e+00,5.279062,300,3562.5,0,7.541827,0,0.465729,0.083659,3.892828
0,732,36.0028,-84.2486,275.8,0.000000e+00,5.322525,300,3562.5,0,6.939897,0,0.465729,0.08111,3.803471
0,733,36.0028,-84.2486,275.8,0.000000e+00,5.266223,300,3562.5,0,0,0,0.465729,0.084487,3.776347
0,734,36.0028,-84.2486,275.8,0.000000e+00,5.255509,300,3562.5,0,8.901889,0,0.465729,0.082594,3.788028
0,735,36.0028,-84.2486,275.8,0.000000e+00,5.261447,300,3562.5,0,0,0,0.465729,0.081651,3.751257
0,736,36.0028,-84.2486,275.8,0.000000e+00,5.24713,300,3562.5,0,9.194891,0,0.465729,0.085571,3.814028
0,737,36.0028,-84.2486,275.8,0.000000e+00,5.168166,300,3562.5,0,36.460265,0,0.465729,0.084997,3.705766
0,738,36.0028,-84.2486,275.8,0.000000e+00,5.192911,300,3562.5,0,7.831813,0,0.465729,0.082654,3.85206
0,739,36.0028,-84.2486,275.8,0.000000e+00,5.198851,300,3562.5,0,8.22421,0,0.465729,0.083225,3.794075
0,740,36.0028,-84.2486,275.8,0.000000e+00,5.22094,300,3562.5,0,7.418356,0,0.465729,0.079026,3.764798
0,741,36.0028,-84.2486,275.8,0.000000e+00,5.201665,300,3562.5,0,19.683506,0,0.465729,0.081032,3.784861
0,742,36.0028,-84.2486,275.8,0.000000e+00,5.182049,300,3562.5,0,0,0,0.465729,0.082357,3.744503
0,743,36.0028,-84.2486,275.8,0.000000e+00,5.225256,300,3562.5,0,15.176785,0,0.465729,0.081248,3.843693
0,744,36.0028,-84.2486,275.8,0.000000e+00,5.229537,300,3562.5,0,0,0,0.465729,0.083888,3.824778
0,745,36.0028,-84.2486,275.8,0.000000e+00,5.223341,300,3562.5,0,0,0,0.465729,0.080695,3.784471
0,746,36.0028,-84.2486,275.8,0.000000e+00,5.219508,300,3562.5,0,16.300503,0,0.465729,0.08234,3.793153
0,747,36.0028,-84.2486,275.8,0.000000e+00,5.167733,300,3562.5,0,0,0,0.465729,0.082998,3.791588
0,748,36.0028,-84.2486,275.8,0.000000e+00,5.155697,300,3562.5,0,0,0,0.465729,0.081636,3.797731
0,749,36.0028,-84.2486,275.8,0.000000e+00,5.167757,300,3562.5,0,23.710231,0,0.465729,0.080607,3.743355
0,750,36.0028,-84.2486,275.8,0.000000e+00,5.147695,300,3562.5,0,0,0,0.465729,0.083628,3.806863
0,751,36.0028,-84.2486,275.8,0.000000e+00,5.130726,300,3562.5,0,6.070577,0,0.465729,0.07885,3.796974
0,752,36.0028,-84.2486,275.8,0.000000e+00,5.110393,300,3562.5,0,0,0,0.465729,0.082976,3.801992
0,753,36.0028,-84.2486,275.8,0.000000e+00,5.14855,300,3562.5,0,22.945875,0,0.465729,0.086982,3.773066
0,754,36.0028,-84.2486,275.8,0.000000e+00,5.146322,300,3562.5,0,26.320522,0,0.465729,0.081565,3.766616
0,755,36.0028,-84.2486,275.8,0.000000e+00,5.185216,300,3562.5,0,0,0,0.465729,0.08291,3.783289
0,756,36.0028,-84.2486,275.8,0.000000e+00,5.229617,300,3562.5,0,0,0,0.465729,0.083594,3.774485
0,757,36.0028,-84.2486,275.8,0.000000e+00,5.258252,300,3562.5,0,7.624735,0,0.465729,0.081396,3.840531
0,758,36.0028,-84.2486,275.8,0.000000e+00,5.207782,300,3562.5,0,22.481383,0,0.465729,0.083313,3.825093
0,759,36.0028,-84.2486,275.8,0.000000e+00,5.248407,300,3562.5,0,8.712475,0,0.465729,0.082638,3.782044
0,760,36.0028,-84.2486,275.8,0.000000e+00,5.289915,300,3562.5,0,30.321253,0,0.465729,0.082325,3.732459
0,761,36.0028,-84.2486,275.8,0.000000e+00,5.270375,300,3562.5,0,14.323401,0,0.465729,0.082808,3.805262
0,762,36.0028,-84.2486,275.8,0.000000e+00,5.247666,300,3562.5,0,0,0,0.465729,0.083739,3.847448
0,763,36.0028,-84.2486,275.8,0.000000e+00,5.279249,300,3562.5,0,18.395013,0,0.465729,0.082674,3.763695
0,764,36.0028,-84.2486,275.8,0.000000e+00,5.285187,300,3562.5,0,0,0,0.465729,0.080683,3.828965
0,765,36.0028,-84.2486,275.8,0.000000e+00,5.296657,300,3562.5,0,35.774228,0,0.465729,0.082008,3.808302
0,766,36.0028,-84.2486,275.8,0.000000e+00,5.19908,300,3562.5,0,0,0,0.465729,0.082358,3.82495
0,767,36.0028,-84.2486,275.8,0.000000e+00,5.196944,300,3562.5,0,5.265762,0,0.465729,0.086329,3.771928
0,768,36.0028,-84.2486,275.8,0.000000e+00,5.206826,300,3562.5,0,7.806062,0,0.465729,0.084086,3.845071
0,769,36.0028,-84.2486,275.8,0.000000e+00,5.142727,300,3562.5,0,7.55395,0,0.465729,0.080043,3.764813
0,770,36.0028,-84.2486,275.8,0.000000e+00,5.172486,300,3562.5,0,0,0,0.465729,0.081436,3.76167
0,771,36.0028,-84.2486,275.8,0.000000e+00,5.189992,300,3562.5,0,13.626217,0,0.465729,0.08498,3.778773
0,772,36.0028,-84.2486,275.8,0.000000e+00,5.175749,300,3562.5,0,13.726665,0,0.465729,0.082644,3.821357
0,773,36.0028,-84.2486,275.8,0.000000e+00,5.220672,300,3562.5,0,15.696126,0,0.465729,0.084297,3.778558
0,774,36.0028,-84.2486,275.8,0.000000e+00,5.171524,300,3562.5,0,22.040408,0,0.465729,0.080573,3.796907
0,775,36.0028,-84.2486,275.8,0.000000e+00,5.194042,300,3562.5,0,15.591223,0,0.465729,0.085285,3.758478
0,776,36.0028,-84.2486,275.8,0.000000e+00,5.232596,300,3562.5,0,8.010446,0,0.465729,0.08038,3.810751
0,777,36.0028,-84.2486,275.8,0.000000e+00,5.252545,300,3562.5,0,36.636693,0,0.465729,0.080009,3.803079
0,778,36.0028,-84.2486,275.8,0.000000e+00,5.240243,300,3562.5,0,0,0,0.465729,0.080463,3.807431
0,779,36.0028,-84.2486,275.8,0.000000e+00,5.234143,300,3562.5,0,0,0,0.465729,0.083817,3.747991
0,780,36.0028,-84.2486,275.8,0.000000e+00,5.219953,300,3562.5,0,2.218674,0,0.465729,0.086037,3.78698
0,781,36.0028,-84.2486,275.8,0.000000e+00,5.226138,300,3562.5,0,0,0,0.465729,0.082118,3.793322
0,782,36.0028,-84.2486,275.8,0.000000e+00,5.187759,300,3562.5,0,5.390029,0,0.465729,0.083262,3.789767
0,783,36.0028,-84.2486,275.8,0.000000e+00,5.221287,300,3562.5,0,13.472054,0,0.465729,0.084463,3.78689
0,784,36.0028,-84.2486,275.8,0.000000e+00,5.194892,300,3562.5,0,13.40391,0,0.465729,0.081428,3.851288
0,785,36.0028,-84.2486,275.8,0.000000e+00,5.198748,300,3562.5,0,8.989513,0,0.465729,0.08384,3.792374
0,786,36.0028,-84.2486,275.8,0.000000e+00,5.233469,300,3562.5,0,0,0,0.465729,0.085327,3.777988
0,787,36.0028,-84.2486,275.8,0.000000e+00,5.231541,300,3562.5,0,0,0,0.465729,0.084664,3.765164
0,788,36.0028,-84.2486,275.8,0.000000e+00,5.224241,300,3562.5,0,0,0,0.465729,0.081971,3.798594
0,789,36.0028,-84.2486,275.8,0.000000e+00,5.187116,300,3562.5,0,0,0,0.465729,0.082317,3.755424
0,790,36.0028,-84.2486,275.8,0.000000e+00,5.168455,300,3562.5,0,26.050868,0,0.465729,0.083786,3.847354
0,791,36.0028,-84.2486,275.8,0.000000e+00,5.159336,300,3562.5,0,22.345342,0,0.465729,0.086942,3.838566
0,792,36.0028,-84.2486,275.8,0.000000e+00,5.190892,300,3562.5,0,17.072325,0,0.465729,0.081628,3.803486
0,793,36.0028,-84.2486,275.8,0.000000e+00,5.2303,300,3562.5,0,9.171324,0,0.465729,0.083145,3.778584
0,794,36.0028,-84.2486,275.8,0.000000e+00,5.218784,300,3562.5,0,4.353508,0,0.465729,0.084241,3.827543
0,795,36.0028,-84.2486,275.8,0.000000e+00,5.182483,300,3562.5,0,0,0,0.465729,0.082151,3.801067
0,796,36.0028,-84.2486,275.8,0.000000e+00,5.222099,300,3562.5,0,6.212356,0,0.465729,0.083136,3.773576
0,797,36.0028,-84.2486,275.8,0.000000e+00,5.235277,300,3562.5,0,9.825967,0,0.465729,0.087561,3.813544
0,798,36.0028,-84.2486,275.8,0.000000e+00,5.200471,300,3562.5,0,0,0,0.465729,0.081644,3.776949
0,799,36.0028,-84.2486,275.8,0.000000e+00,5.211032,300,3562.5,0,0,0,0.465729,0.083013,3.766295
0,800,36.0028,-84.2486,275.8,0.000000e+00,5.231285,300,3562.5,0,10.57051,0,0.465729,0.08351,3.796276
0,801,36.0028,-84.2486,275.8,0.000000e+00,5.201714,300,3562.5,0,40.295788,0,0.465729,0.082379,3.840313
0,802,36.0028,-84.2486,275.8,0.000000e+00,5.22474,300,3562.5,0,0,0,0.465729,0.079262,3.814815
0,803,36.0028,-84.2486,275.8,0.000000e+00,5.242852,300,3562.5,0,7.395414,0,0.465729,0.082048,3.819965
0,804,36.0028,-84.2486,275.8,0.000000e+00,5.214311,300,3562.5,0,0,0,0.465729,0.083499,3.744766
0,805,36.0028,-84.2486,275.8,0.000000e+00,5.231389,300,3562.5,0,32.99226,0,0.465729,0.082021,3.807585
0,806,36.0028,-84.2486,275.8,0.000000e+00,5.250779,300,3562.5,0,8.118689,0,0.465729,0.08289,3.823325
0,807,36.0028,-84.2486,275.8,0.000000e+00,5.228732,300,3562.5,0,0,0,0.465729,0.083656,3.789535
0,808,36.0028,-84.2486,275.8,0.000000e+00,5.214035,300,3562.5,0,20.729876,0,0.465729,0.085062,3.827489
0,809,36.0028,-84.2486,275.8,0.000000e+00,5.22825,300,3562.5,0,26.069716,0,0.465729,0.082841,3.790076
0,810,36.0028,-84.2486,275.8,0.000000e+00,5.232188,300,3562.5,0,0,0,0.465729,0.08307,3.759841
0,811,36.0028,-84.2486,275.8,0.000000e+00,5.275894,300,3562.5,0,0,0,0.465729,0.081777,3.779503
0,812,36.0028,-84.2486,275.8,0.000000e+00,5.276454,300,3562.5,0,0,0,0.465729,0.082865,3.7476
0,813,36.0028,-84.2486,275.8,0.000000e+00,5.322537,300,3562.5,0,23.496271,0,0.465729,0.083777,3.789164
0,814,36.0028,-84.2486,275.8,0.000000e+00,5.308348,300,3562.5,0,0,0,0.465729,0.081002,3.834945
0,815,36.0028,-84.2486,275.8,0.000000e+00,5.254837,300,3562.5,0,0,0,0.465729,0.084139,3.748604
0,816,36.0028,-84.2486,275.8,0.000000e+00,5.174769,300,3562.5,0,0,0,0.465729,0.082432,3.813512
0,817,36.0028,-84.2486,275.8,0.000000e+00,5.172446,300,3562.5,0,4.867018,0,0.465729,0.081553,3.746437
0,818,36.0028,-84.2486,275.8,0.000000e+00,5.220583,300,3562.5,0,0,0,0.465729,0.082906,3.751575
0,819,36.0028,-84.2486,275.8,0.000000e+00,5.235745,300,3562.5,0,0,0,0.465729,0.080591,3.786108
0,820,36.0028,-84.2486,275.8,0.000000e+00,5.232616,300,3562.5,0,16.467594,0,0.465729,0.083797,3.754978
0,821,36.0028,-84.2486,275.8,0.000000e+00,5.251325,300,3562.5,0,7.058558,0,0.465729,0.082304,3.780951
0,822,36.0028,-84.2486,275.8,0.000000e+00,5.244218,300,3562.5,0,8.713895,0,0.465729,0.082144,3.823367
0,823,36.0028,-84.2486,275.8,0.000000e+00,5.271361,300,3562.5,0,6.291676,0,0.465729,0.082897,3.843893
0,824,36.0028,-84.2486,275.8,0.000000e+00,5.265136,300,3562.5,0,5.168339,0,0.465729,0.085935,3.827535
0,825,36.0028,-84.2486,275.8,0.000000e+00,5.225442,300,3562.5,0,0,0,0.465729,0.08228,3.793376
0,826,36.0028,-84.2486,275.8,0.000000e+00,5.210985,300,3562.5,0,0,0,0.465729,0.085402,3.851217
0,827,36.0028,-84.2486,275.8,0.000000e+00,5.225125,300,3562.5,0,24.527523,0,0.465729,0.083206,3.789727
0,828,36.0028,-84.2486,275.8,0.000000e+00,5.237714,300,3562.5,0,23.508537,0,0.465729,0.084125,3.769214
0,829,36.0028,-84.2486,275.8,0.000000e+00,5.279932,300,3562.5,0,0,0,0.465729,0.084916,3.768372
0,830,36.0028,-84.2486,275.8,0.000000e+00,5.252407,300,3562.5,0,0,0,0.465729,0.080116,3.793177
0,831,36.0028,-84.2486,275.8,0.000000e+00,5.275851,300,3562.5,0,0,0,0.465729,0.082345,3.815762
0,832,36.0028,-84.2486,275.8,0.000000e+00,5.256017,300,3562.5,0,0,0,0.465729,0.083977,3.850288
0,833,36.0028,-84.2486,275.8,0.000000e+00,5.231791,300,3562.5,0,35.842194,0,0.465729,0.084712,3.765869
0,834,36.0028,-84.2486,275.8,0.000000e+00,5.211981,300,3562.5,0,0,0,0.465729,0.08379,3.861701
0,835,36.0028,-84.2486,275.8,0.000000e+00,5.206519,300,3562.5,0,38.032837,0,0.465729,0.083911,3.767715
0,836,36.0028,-84.2486,275.8,0.000000e+00,5.24454,300,3562.5,0,0,0,0.465729,0.08066,3.757902
0,837,36.0028,-84.2486,275.8,0.000000e+00,5.257275,300,3562.5,0,9.322036,0,0.465729,0.08471,3.817191
0,838,36.0028,-84.2486,275.8,0.000000e+00,5.208238,300,3562.5,0,8.388733,0,0.465729,0.082975,3.760937
0,839,36.0028,-84.2486,275.8,0.000000e+00,5.231747,300,3562.5,0,0,0,0.465729,0.081226,3.816145
0,840,36.0028,-84.2486,275.8,0.000000e+00,5.256608,300,3562.5,0,0,0,0.465729,0.08085,3.8713
0,841,36.0028,-84.2486,275.8,0.000000e+00,5.267412,300,3562.5,0,0,0,0.465729,0.084001,3.782627
0,842,36.0028,-84.2486,275.8,0.000000e+00,5.278606,300,3562.5,0,6.756451,0,0.465729,0.085545,3.744737
0,843,36.0028,-84.2486,275.8,0.000000e+00,5.20594,300,3562.5,0,7.058329,0,0.465729,0.079546,3.814445
0,844,36.0028,-84.2486,275.8,0.000000e+00,5.246546,300,3562.5,0,0,0,0.465729,0.080072,3.761237
0,845,36.0028,-84.2486,275.8,0.000000e+00,5.246469,300,3562.5,0,0,0,0.465729,0.082695,3.793518
0,846,36.0028,-84.2486,275.8,0.000000e+00,5.297369,300,3562.5,0,0,0,0.465729,0.080504,3.812116
0,847,36.0028,-84.2486,275.8,0.000000e+00,5.2514,300,3562.5,0,9.348514,0,0.465729,0.083437,3.768934
0,848,36.0028,-84.2486,275.8,0.000000e+00,5.261814,300,3562.5,0,8.877129,0,0.465729,0.084902,3.826336
0,849,36.0028,-84.2486,275.8,0.000000e+00,5.273775,300,3562.5,0,21.907619,0,0.465729,0.078852,3.752979
0,850,36.0028,-84.2486,275.8,0.000000e+00,5.255152,300,3562.5,0,5.98492,0,0.465729,0.079776,3.829493
0,851,36.0028,-84.2486,275.8,0.000000e+00,5.277238,300,3562.5,0,8.207873,0,0.465729,0.084212,3.845782
0,852,36.0028,-84.2486,275.8,0.000000e+00,5.274523,300,3562.5,0,0,0,0.465729,0.085111,3.791758
0,853,36.0028,-84.2486,275.8,0.000000e+00,5.275523,300,3562.5,0,0,0,0.465729,0.081092,3.795078
0,854,36.0028,-84.2486,275.8,0.000000e+00,5.251919,300,3562.5,0,6.129713,0,0.465729,0.082466,3.810603
0,855,36.0028,-84.2486,275.8,0.000000e+00,5.219075,300,3562.5,0,6.676042,0,0.465729,0.084457,3.844345
0,856,36.0028,-84.2486,275.8,0.000000e+00,5.242073,300,3562.5,0,0,0,0.465729,0.08149,3.782015
0,857,36.0028,-84.2486,275.8,0.000000e+00,5.212947,300,3562.5,0,2.416626,0,0.465729,0.08078,3.865553
0,858,36.0028,-84.2486,275.8,0.000000e+00,5.19845,300,3562.5,0,4.390763,0,0.465729,0.085746,3.787126
0,859,36.0028,-84.2486,275.8,0.000000e+00,5.20476,300,3562.5,0,0,0,0.465729,0.082116,3.810938
0,860,36.0028,-84.2486,275.8,0.000000e+00,5.203778,300,3562.5,0,13.301185,0,0.465729,0.081971,3.834907
0,861,36.0028,-84.2486,275.8,0.000000e+00,5.153753,300,3562.5,0,20.651436,0,0.465729,0.083127,3.816362
0,862,36.0028,-84.2486,275.8,0.000000e+00,5.149709,300,3562.5,0,15.543484,0,0.465729,0.084683,3.801185
0,863,36.0028,-84.2486,275.8,0.000000e+00,5.173918,300,3562.5,0,0,0,0.465729,0.082338,3.80669
0,864,36.0028,-84.2486,275.8,0.000000e+00,5.171612,300,3562.5,0,13.512819,0,0.465729,0.08157,3.783513
0,865,36.0028,-84.2486,275.8,0.000000e+00,5.213893,300,3562.5,0,31.992921,0,0.465729,0.082549,3.829138
0,866,36.0028,-84.2486,275.8,0.000000e+00,5.25272,300,3562.5,0,0,0,0.465729,0.083349,3.819224
0,867,36.0028,-84.2486,275.8,0.000000e+00,5.288565,300,3562.5,0,17.19824,0,0.465729,0.082961,3.740697
0,868,36.0028,-84.2486,275.8,0.000000e+00,5.26504,300,3562.5,0,9.060084,0,0.465729,0.085069,3.839856
0,869,36.0028,-84.2486,275.8,0.000000e+00,5.263946,300,3562.5,0,0,0,0.465729,0.084823,3.86774
0,870,36.0028,-84.2486,275.8,0.000000e+00,5.209719,300,3562.5,0,0,0,0.465729,0.081784,3.775113
0,871,36.0028,-84.2486,275.8,0.000000e+00,5.191187,300,3562.5,0,23.269637,0,0.465729,0.081812,3.784422
0,872,36.0028,-84.2486,275.8,0.000000e+00,5.180358,300,3562.5,0,24.046379,0,0.465729,0.080681,3.763997
0,873,36.0028,-84.2486,275.8,0.000000e+00,5.207517,300,3562.5,0,25.612372,0,0.465729,0.083803,3.8091
0,874,36.0028,-84.2486,275.8,0.000000e+00,5.231254,300,3562.5,0,0,0,0.465729,0.084685,3.757759
0,875,36.0028,-84.2486,275.8,0.000000e+00,5.254595,300,3562.5,0,8.854967,0,0.465729,0.083321,3.794953
0,876,36.0028,-84.2486,275.8,0.000000e+00,5.263732,300,3562.5,0,0,0,0.465729,0.082153,3.792973
0,877,36.0028,-84.2486,275.8,0.000000e+00,5.265992,300,3562.5,0,0,0,0.465729,0.082669,3.739218
0,878,36.0028,-84.2486,275.8,0.000000e+00,5.243245,300,3562.5,0,0,0,0.465729,0.081221,3.79724
0,879,36.0028,-84.2486,275.8,0.000000e+00,5.249618,300,3562.5,0,9.027092,0,0.465729,0.084102,3.785587
0,880,36.0028,-84.2486,275.8,0.000000e+00,5.221974,300,3562.5,0,9.763561,0,0.465729,0.085469,3.748353
0,881,36.0028,-84.2486,275.8,0.000000e+00,5.2297,300,3562.5,0,0,0,0.465729,0.082706,3.838619
0,882,36.0028,-84.2486,275.8,0.000000e+00,5.178404,300,3562.5,0,16.368108,0,0.465729,0.082226,3.829483
0,883,36.0028,-84.2486,275.8,0.000000e+00,5.225127,300,3562.5,0,20.070565,0,0.465729,0.079151,3.804903
0,884,36.0028,-84.2486,275.8,0.000000e+00,5.180186,300,3562.5,0,0,0,0.465729,0.082772,3.792434
0,885,36.0028,-84.2486,275.8,0.000000e+00,5.21748,300,3562.5,0,0,0,0.465729,0.081835,3.77005
0,886,36.0028,-84.2486,275.8,0.000000e+00,5.221381,300,3562.5,0,0,0,0.465729,0.085675,3.79364
0,887,36.0028,-84.2486,275.8,0.000000e+00,5.223213,300,3562.5,0,12.668788,0,0.465729,0.083467,3.759581
0,888,36.0028,-84.2486,275.8,0.000000e+00,5.235585,300,3562.5,0,23.571653,0,0.465729,0.084492,3.811509
0,889,36.0028,-84.2486,275.8,0.000000e+00,5.255393,300,3562.5,0,0,0,0.465729,0.083263,3.784462
0,890,36.0028,-84.2486,275.8,0.000000e+00,5.270757,300,3562.5,0,12.464325,0,0.465729,0.082013,3.794081
0,891,36.0028,-84.2486,275.8,0.000000e+00,5.235843,300,3562.5,0,7.527409,0,0.465729,0.082804,3.764184
0,892,36.0028,-84.2486,275.8,0.000000e+00,5.230925,300,3562.5,0,10.309936,0,0.465729,0.085618,3.798289
0,893,36.0028,-84.2486,275.8,0.000000e+00,5.18107,300,3562.5,0,0,0,0.465729,0.083374,3.816646
0,894,36.0028,-84.2486,275.8,0.000000e+00,5.193138,300,3562.5,0,0,0,0.465729,0.08076,3.790721
0,895,36.0028,-84.2486,275.8,0.000000e+00,5.163917,300,3562.5,0,16.346199,0,0.465729,0.081954,3.790154
0,896,36.0028,-84.2486,275.8,0.000000e+00,5.155488,300,3562.5,0,0,0,0.465729,0.082114,3.757531
0,897,36.0028,-84.2486,275.8,0.000000e+00,5.190499,300,3562.5,0,0,0,0.465729,0.083717,3.803781
0,898,36.0028,-84.2486,275.8,0.000000e+00,5.219931,300,3562.5,0,10.621615,0,0.465729,0.08643,3.810687
0,899,36.0028,-84.2486,275.8,0.000000e+00,5.231254,300,3562.5,0,0,0,0.465729,0.083592,3.829105
0,900,36.0028,-84.2486,275.8,0.000000e+00,5.183253,300,3562.5,0,29.713488,0,0.465729,0.085961,3.793639
0,901,36.0028,-84.2486,275.8,0.000000e+00,5.19083,300,3562.5,0,10.67495,0,0.465729,0.084105,3.769822
0,902,36.0028,-84.2486,275.8,0.000000e+00,5.225083,300,3562.5,0,18.11098,0,0.465729,0.084209,3.799828
0,903,36.0028,-84.2486,275.8,0.000000e+00,5.22321,300,3562.5,0,0,0,0.465729,0.080708,3.819685
0,904,36.0028,-84.2486,275.8,0.000000e+00,5.25179,300,3562.5,0,0,0,0.465729,0.080745,3.764937
0,905,36.0028,-84.2486,275.8,0.000000e+00,5.178716,300,3562.5,0,7.139557,0,0.465729,0.082018,3.826247
0,906,36.0028,-84.2486,275.8,0.000000e+00,5.219072,300,3562.5,0,0,0,0.465729,0.08759,3.751263
0,907,36.0028,-84.2486,275.8,0.000000e+00,5.234416,300,3562.5,0,0,0,0.465729,0.086845,3.826608
0,908,36.0028,-84.2486,275.8,0.000000e+00,5.222366,300,3562.5,0,0,0,0.465729,0.080456,3.748184
0,909,36.0028,-84.2486,275.8,0.000000e+00,5.230058,300,3562.5,0,9.120962,0,0.465729,0.085134,3.858968
0,910,36.0028,-84.2486,275.8,0.000000e+00,5.20909,300,3562.5,0,31.393166,0,0.465729,0.085666,3.859787
0,911,36.0028,-84.2486,275.8,0.000000e+00,5.198862,300,3562.5,0,0,0,0.465729,0.081118,3.748853
0,912,36.0028,-84.2486,275.8,0.000000e+00,5.208188,300,3562.5,0,0,0,0.465729,0.08215,3.797763
0,913,36.0028,-84.2486,275.8,0.000000e+00,5.198397,300,3562.5,0,0,0,0.465729,0.085167,3.831892
0,914,36.0028,-84.2486,275.8,0.000000e+00,5.218879,300,3562.5,0,0,0,0.465729,0.083292,3.814133
0,915,36.0028,-84.2486,275.8,0.000000e+00,5.243269,300,3562.5,0,0,0,0.465729,0.084466,3.756231
0,916,36.0028,-84.2486,275.8,0.000000e+00,5.249893,300,3562.5,0,3.460078,0,0.465729,0.081893,3.787778
0,917,36.0028,-84.2486,275.8,0.000000e+00,5.260286,300,3562.5,0,0,0,0.465729,0.082292,3.819289
0,918,36.0028,-84.2486,275.8,0.000000e+00,5.181427,300,3562.5,0,8.08013,0,0.465729,0.081575,3.782839
0,919,36.0028,-84.2486,275.8,0.000000e+00,5.137655,300,3562.5,0,7.333218,0,0.465729,0.084348,3.772388
0,920,36.0028,-84.2486,275.8,0.000000e+00,5.14377,300,3562.5,0,5.376075,0,0.465729,0.085432,3.821583
0,921,36.0028,-84.2486,275.8,0.000000e+00,5.110553,300,3562.5,0,2.265611,0,0.465729,0.084625,3.770898
0,922,36.0028,-84.2486,275.8,0.000000e+00,5.149051,300,3562.5,0,19.663322,0,0.465729,0.085552,3.753467
0,923,36.0028,-84.2486,275.8,0.000000e+00,5.153759,300,3562.5,0,6.141904,0,0.465729,0.084097,3.826224
0,924,36.0028,-84.2486,275.8,0.000000e+00,5.14196,300,3562.5,0,7.480212,0,0.465729,0.085668,3.813961
0,925,36.0028,-84.2486,275.8,0.000000e+00,5.142291,300,3562.5,0,0,0,0.465729,0.081383,3.843213
0,926,36.0028,-84.2486,275.8,0.000000e+00,5.165638,300,3562.5,0,18.351804,0,0.465729,0.087764,3.843175
0,927,36.0028,-84.2486,275.8,0.000000e+00,5.178797,300,3562.5,0,19.233611,0,0.465729,0.0844,3.768337
0,928,36.0028,-84.2486,275.8,0.000000e+00,5.17622,300,3562.5,0,0,0,0.465729,0.085138,3.810972
0,929,36.0028,-84.2486,275.8,0.000000e+00,5.174878,300,3562.5,0,36.703286,0,0.465729,0.083469,3.830177
0,930,36.0028,-84.2486,275.8,0.000000e+00,5.213186,300,3562.5,0,19.055319,0,0.465729,0.084836,3.787252
0,931,36.0028,-84.2486,275.8,0.000000e+00,5.163527,300,3562.5,0,7.238521,0,0.465729,0.081171,3.825437
0,932,36.0028,-84.2486,275.8,0.000000e+00,5.18417,300,3562.5,0,38.340943,0,0.465729,0.08264,3.805025
0,933,36.0028,-84.2486,275.8,0.000000e+00,5.18957,300,3562.5,0,0,0,0.465729,0.080501,3.789898
0,934,36.0028,-84.2486,275.8,0.000000e+00,5.2145,300,3562.5,0,0,0,0.465729,0.081718,3.770322
0,935,36.0028,-84.2486,275.8,0.000000e+00,5.176251,300,3562.5,0,0,0,0.465729,0.079912,3.799157
0,936,36.0028,-84.2486,275.8,0.000000e+00,5.151646,300,3562.5,0,0,0,0.465729,0.084639,3.752945
0,937,36.0028,-84.2486,275.8,0.000000e+00,5.133494,300,3562.5,0,0,0,0.465729,0.077146,3.827944
0,938,36.0028,-84.2486,275.8,0.000000e+00,5.166011,300,3562.5,0,0,0,0.465729,0.08253,3.827952
0,939,36.0028,-84.2486,275.8,0.000000e+00,5.175501,300,3562.5,0,6.533458,0,0.465729,0.081379,3.772567
0,940,36.0028,-84.2486,275.8,0.000000e+00,5.183047,300,3562.5,0,0,0,0.465729,0.079899,3.812414
0,941,36.0028,-84.2486,275.8,0.000000e+00,5.181951,300,3562.5,0,8.101606,0,0.465729,0.084625,3.827173
0,942,36.0028,-84.2486,275.8,0.000000e+00,5.217167,300,3562.5,0,35.424231,0,0.465729,0.082598,3.814545
0,943,36.0028,-84.2486,275.8,0.000000e+00,5.28636,300,3562.5,0,0,0,0.465729,0.081221,3.767773
0,944,36.0028,-84.2486,275.8,0.000000e+00,5.306054,300,3562.5,0,0,0,0.465729,0.080388,3.786394
0,945,36.0028,-84.2486,275.8,0.000000e+00,5.273183,300,3562.5,0,0,0,0.465729,0.082764,3.779057
0,946,36.0028,-84.2486,275.8,0.000000e+00,5.246527,300,3562.5,0,23.939651,0,0.465729,0.082639,3.735236
0,947,36.0028,-84.2486,275.8,0.000000e+00,5.291207,300,3562.5,0,0,0,0.465729,0.083465,3.755902
0,948,36.0028,-84.2486,275.8,0.000000e+00,5.284975,300,3562.5,0,0,0,0.465729,0.080527,3.754779
0,949,36.0028,-84.2486,275.8,0.000000e+00,5.290563,300,3562.5,0,40.654243,0,0.465729,0.083066,3.766821
0,950,36.0028,-84.2486,275.8,0.000000e+00,5.225674,300,3562.5,0,0,0,0.465729,0.083646,3.777945
0,951,36.0028,-84.2486,275.8,0.000000e+00,5.211315,300,3562.5,0,0,0,0.465729,0.081172,3.76803
0,952,36.0028,-84.2486,275.8,0.000000e+00,5.231163,300,3562.5,0,0,0,0.465729,0.084188,3.780207
0,953,36.0028,-84.2486,275.8,0.000000e+00,5.219627,300,3562.5,0,41.02427,0,0.465729,0.084202,3.822605
0,954,36.0028,-84.2486,275.8,0.000000e+00,5.205541,300,3562.5,0,0,0,0.465729,0.082945,3.780562
0,955,36.0028,-84.2486,275.8,0.000000e+00,5.225414,300,3562.5,0,17.765115,0,0.465729,0.083752,3.810567
0,956,36.0028,-84.2486,275.8,0.000000e+00,5.206084,300,3562.5,0,20.953965,0,0.465729,0.083073,3.850137
0,957,36.0028,-84.2486,275.8,0.000000e+00,5.188297,300,3562.5,0,24.122111,0,0.465729,0.082897,3.795274
0,958,36.0028,-84.2486,275.8,0.000000e+00,5.219604,300,3562.5,0,14.132967,0,0.465729,0.079896,3.762866
0,959,36.0028,-84.2486,275.8,0.000000e+00,5.246185,300,3562.5,0,12.280527,0,0.465729,0.082219,3.806621
0,960,36.0028,-84.2486,275.8,0.000000e+00,5.207985,300,3562.5,0,14.299723,0,0.465729,0.08139,3.845351
0,961,36.0028,-84.2486,275.8,0.000000e+00,5.177671,300,3562.5,0,0,0,0.465729,0.080146,3.810081
0,962,36.0028,-84.2486,275.8,0.000000e+00,5.156854,300,3562.5,0,0,0,0.465729,0.081621,3.777091
0,963,36.0028,-84.2486,275.8,0.000000e+00,5.169519,300,3562.5,0,5.231461,0,0.465729,0.082437,3.796988
0,964,36.0028,-84.2486,275.8,0.000000e+00,5.178361,300,3562.5,0,0,0,0.465729,0.081039,3.789122
0,965,36.0028,-84.2486,275.8,0.000000e+00,5.217042,300,3562.5,0,1.98638,0,0.465729,0.084874,3.765659
0,966,36.0028,-84.2486,275.8,0.000000e+00,5.218178,300,3562.5,0,8.632264,0,0.465729,0.081547,3.752921
0,967,36.0028,-84.2486,275.8,0.000000e+00,5.225326,300,3562.5,0,2.870672,0,0.465729,0.082317,3.81107
0,968,36.0028,-84.2486,275.8,0.000000e+00,5.215925,300,3562.5,0,13.327368,0,0.465729,0.082558,3.800756
0,969,36.0028,-84.2486,275.8,0.000000e+00,5.240452,300,3562.5,0,10.492821,0,0.465729,0.079881,3.806403
0,970,36.0028,-84.2486,275.8,0.000000e+00,5.260336,300,3562.5,0,21.401989,0,0.465729,0.083512,3.7932
0,971,36.0028,-84.2486,275.8,0.000000e+00,5.242684,300,3562.5,0,25.029803,0,0.465729,0.08404,3.829406
0,972,36.0028,-84.2486,275.8,0.000000e+00,5.179421,300,3562.5,0,7.451971,0,0.465729,0.083487,3.809709
0,973,36.0028,-84.2486,275.8,0.000000e+00,5.199691,300,3562.5,0,0,0,0.465729,0.081508,3.768734
0,974,36.0028,-84.2486,275.8,0.000000e+00,5.159746,300,3562.5,0,18.851922,0,0.465729,0.083972,3.818679
0,975,36.0028,-84.2486,275.8,0.000000e+00,5.206196,300,3562.5,0,8.970428,0,0.465729,0.083588,3.793001
0,976,36.0028,-84.2486,275.8,0.000000e+00,5.138277,300,3562.5,0,0,0,0.465729,0.084818,3.803545
0,977,36.0028,-84.2486,275.8,0.000000e+00,5.145073,300,3562.5,0,21.508008,0,0.465729,0.078635,3.781575
0,978,36.0028,-84.2486,275.8,0.000000e+00,5.169954,300,3562.5,0,0,0,0.465729,0.085139,3.781397
0,979,36.0028,-84.2486,275.8,0.000000e+00,5.184811,300,3562.5,0,30.077224,0,0.465729,0.08585,3.755582
0,980,36.0028,-84.2486,275.8,0.000000e+00,5.190414,300,3562.5,0,0,0,0.465729,0.085738,3.827886
0,981,36.0028,-84.2486,275.8,0.000000e+00,5.228769,300,3562.5,0,34.220554,0,0.465729,0.083667,3.759943
0,982,36.0028,-84.2486,275.8,0.000000e+00,5.270133,300,3562.5,0,32.011264,0,0.465729,0.081601,3.784489
0,983,36.0028,-84.2486,275.8,0.000000e+00,5.219452,300,3562.5,0,29.490931,0,0.465729,0.082736,3.818098
0,984,36.0028,-84.2486,275.8,0.000000e+00,5.232873,300,3562.5,0,0,0,0.465729,0.082406,3.788077
0,985,36.0028,-84.2486,275.8,0.000000e+00,5.226608,300,3562.5,0,17.166,0,0.465729,0.08532,3.83001
0,986,36.0028,-84.2486,275.8,0.000000e+00,5.1708,300,3562.5,0,30.575574,0,0.465729,0.085423,3.757133
0,987,36.0028,-84.2486,275.8,0.000000e+00,5.216081,300,3562.5,0,0,0,0.465729,0.088485,3.801834
0,988,36.0028,-84.2486,275.8,0.000000e+00,5.270965,300,3562.5,0,8.36109,0,0.465729,0.080585,3.810071
0,989,36.0028,-84.2486,275.8,0.000000e+00,5.278801,300,3562.5,0,0,0,0.465729,0.081399,3.79178
0,990,36.0028,-84.2486,275.8,0.000000e+00,5.282534,300,3562.5,0,27.099805,0,0.465729,0.08197,3.768031
0,991,36.0028,-84.2486,275.8,0.000000e+00,5.278564,300,3562.5,0,0,0,0.465729,0.078854,3.80358
0,992,36.0028,-84.2486,275.8,0.000000e+00,5.2747,300,3562.5,0,15.774798,0,0.465729,0.081774,3.761176
0,993,36.0028,-84.2486,275.8,0.000000e+00,5.212815,300,3562.5,0,6.184571,0,0.465729,0.085971,3.775729
0,994,36.0028,-84.2486,275.8,0.000000e+00,5.234109,300,3562.5,0,0,0,0.465729,0.08375,3.7752
0,995,36.0028,-84.2486,275.8,0.000000e+00,5.262488,300,3562.5,0,4.836732,0,0.465729,0.080544,3.794525
0,996,36.0028,-84.2486,275.8,0.000000e+00,5.211916,300,3562.5,0,10.155542,0,0.465729,0.080345,3.838112
0,997,36.0028,-84.2486,275.8,0.000000e+00,5.192876,300,3562.5,0,4.255702,0,0.465729,0.082546,3.795593
0,998,36.0028,-84.2486,275.8,0.000000e+00,5.154232,300,3562.5,0,2.101508,0,0.465729,0.08403,3.857425
0,999,36.0028,-84.2486,275.8,0.000000e+00,5.203531,300,3562.5,0,2.982599,0,0.465729,0.085307,3.795307
0,1000,36.0028,-84.2486,275.8,0.000000e+00,5.22824,300,3562.5,0,0,0,0.465729,0.084254,3.81326
